<?xml version="1.0" encoding="UTF-8"?>
<Policy xmlns="urn:oasis:names:tc:xacml:1.0:policy"
        xmlns:xsi="http://www.w3.org/2001/XMLSchema-instance"
        PolicyId="deny-reloadPolicies-if-not-localhost"
        RuleCombiningAlgId="urn:oasis:names:tc:xacml:1.0:rule-combining-algorithm:first-applicable">
  <Description>deny reload policies access if client ip address is not 127.0.0.1 (or IPv6 equivalent)</Description>                                                    
  <Target>
    <Subjects>
      <AnySubject/>
    </Subjects>
    <Resources>
      <AnyResource/>
    </Resources>    
    <Actions>
      <Action>
        <ActionMatch MatchId="urn:oasis:names:tc:xacml:1.0:function:string-equal">
          <AttributeValue DataType="http://www.w3.org/2001/XMLSchema#string">urn:fedora:names:fedora:2.1:action:id-reloadPolicies</AttributeValue>
          <ActionAttributeDesignator DataType="http://www.w3.org/2001/XMLSchema#string"
            AttributeId="urn:fedora:names:fedora:2.1:action:id"/>
        </ActionMatch>
      </Action>
    </Actions>
  </Target>
  <Rule RuleId="1" Effect="Deny">
    <Condition FunctionId="urn:oasis:names:tc:xacml:1.0:function:not">
      <Apply FunctionId="urn:oasis:names:tc:xacml:1.0:function:or">
        <Apply FunctionId="urn:oasis:names:tc:xacml:1.0:function:string-at-least-one-member-of">
          <EnvironmentAttributeDesignator AttributeId="urn:fedora:names:fedora:2.1:environment:httpRequest:clientIpAddress" DataType="http://www.w3.org/2001/XMLSchema#string"/>
          <Apply FunctionId="urn:oasis:names:tc:xacml:1.0:function:string-bag">
            <AttributeValue DataType="http://www.w3.org/2001/XMLSchema#string">127.0.0.1</AttributeValue>
            <AttributeValue DataType="http://www.w3.org/2001/XMLSchema#string">::1</AttributeValue>
            <AttributeValue DataType="http://www.w3.org/2001/XMLSchema#string">0:0:0:0:0:0:0:1</AttributeValue>
          </Apply>
        </Apply>
        <Apply FunctionId="urn:oasis:names:tc:xacml:1.0:function:regexp-string-match">
          <AttributeValue DataType="http://www.w3.org/2001/XMLSchema#string">0:0:0:0:0:0:0:1%.+</AttributeValue>
          <Apply FunctionId="urn:oasis:names:tc:xacml:1.0:function:string-one-and-only">
            <EnvironmentAttributeDesignator AttributeId="urn:fedora:names:fedora:2.1:environment:httpRequest:clientIpAddress" DataType="http://www.w3.org/2001/XMLSchema#string"/>
          </Apply>
        </Apply>
      </Apply>
    </Condition>
  </Rule>
</Policy>
