<?xml version="1.0" encoding="UTF-8"?>
<Policy xmlns="urn:oasis:names:tc:xacml:1.0:policy"
        xmlns:xsi="http://www.w3.org/2001/XMLSchema-instance"
        PolicyId="deny-purge-datastream-if-not-deleted"
        RuleCombiningAlgId="urn:oasis:names:tc:xacml:1.0:rule-combining-algorithm:first-applicable">
  <Description>deny datastream purge unless datastream is in deleted(D) state</Description>
  <Target>
    <Subjects>
      <AnySubject/> 
    </Subjects>
    <Resources>
      <Resource>
        <ResourceMatch MatchId="urn:oasis:names:tc:xacml:1.0:function:string-equal">
          <AttributeValue DataType="http://www.w3.org/2001/XMLSchema#string">A</AttributeValue>
          <ResourceAttributeDesignator AttributeId="urn:fedora:names:fedora:2.1:resource:datastream:state"
            MustBePresent="false" 
            DataType="http://www.w3.org/2001/XMLSchema#string"/>
        </ResourceMatch>
      </Resource>
      <Resource>
        <ResourceMatch MatchId="urn:oasis:names:tc:xacml:1.0:function:string-equal">
          <AttributeValue DataType="http://www.w3.org/2001/XMLSchema#string">I</AttributeValue>
          <ResourceAttributeDesignator AttributeId="urn:fedora:names:fedora:2.1:resource:datastream:state"
            MustBePresent="false" 
            DataType="http://www.w3.org/2001/XMLSchema#string"/>
        </ResourceMatch>
      </Resource>      
    </Resources>
    <Actions>
      <Action>
        <ActionMatch MatchId="urn:oasis:names:tc:xacml:1.0:function:string-equal">
          <AttributeValue DataType="http://www.w3.org/2001/XMLSchema#string"
            >urn:fedora:names:fedora:2.1:action:id-purgeDatastream</AttributeValue>        
          <ActionAttributeDesignator DataType="http://www.w3.org/2001/XMLSchema#string"
            AttributeId="urn:fedora:names:fedora:2.1:action:id"/>
        </ActionMatch>
      </Action>
    </Actions>    
  </Target>
  <Rule RuleId="1" Effect="Deny">
    <Condition FunctionId="urn:oasis:names:tc:xacml:1.0:function:not">
      <Apply FunctionId="urn:oasis:names:tc:xacml:1.0:function:string-is-in">
        <AttributeValue DataType="http://www.w3.org/2001/XMLSchema#string">administrator</AttributeValue>
        <SubjectAttributeDesignator AttributeId="fedoraRole" DataType="http://www.w3.org/2001/XMLSchema#string"/>
      </Apply>
    </Condition>
  </Rule>
</Policy>
