<?xml version="1.0" encoding="UTF-8"?>
<METS:mets EXT_VERSION="1.1" LABEL="Data Object for Document Transform Demo"
  OBJID="demo:14" xmlns:METS="http://www.loc.gov/METS/"
  xmlns:xlink="http://www.w3.org/1999/xlink"
  xmlns:xsi="http://www.w3.org/2001/XMLSchema-instance" xsi:schemaLocation="http://www.loc.gov/METS/ http://www.fedora.info/definitions/1/0/mets-fedora-ext1-1.xsd">
  <METS:metsHdr CREATEDATE="2008-07-02T05:09:42.015Z"
    LASTMODDATE="2008-07-02T05:09:42.015Z" RECORDSTATUS="Active">
    <METS:agent ROLE="IPOWNER">
      <METS:name>fedoraAdmin</METS:name>
    </METS:agent>
  </METS:metsHdr>
  <METS:amdSec ID="DC" STATUS="A" VERSIONABLE="true">
    <METS:techMD CREATED="2008-07-02T05:09:42.484Z" ID="DC1.0">
      <METS:mdWrap FORMAT_URI="http://www.openarchives.org/OAI/2.0/oai_dc/"
        LABEL="Dublin Core Record for this object" MDTYPE="OTHER"
        MIMETYPE="text/xml" OTHERMDTYPE="UNSPECIFIED">
        <METS:xmlData>
          <oai_dc:dc xmlns:dc="http://purl.org/dc/elements/1.1/" xmlns:oai_dc="http://www.openarchives.org/OAI/2.0/oai_dc/">
            <dc:title>Web Service Definition for the Fedora Access Service</dc:title>
            <dc:creator>Sandy Payette</dc:creator>
            <dc:subject>Fedora</dc:subject>
            <dc:subject>documentation</dc:subject>
            <dc:subject>web service</dc:subject>
            <dc:subject>Web Services Description Language (WSDL)</dc:subject>
            <dc:description>This object contains a WSDL description of the Fedora Access web service which can be viewed in two document formats.</dc:description>
            <dc:identifier>demo:14</dc:identifier>
            <dc:relation>http://www.fedora.info</dc:relation>
            <dc:rights>unrestricted</dc:rights>
          </oai_dc:dc>
        </METS:xmlData>
      </METS:mdWrap>
    </METS:techMD>
  </METS:amdSec>
  <METS:amdSec ID="RELS-EXT" STATUS="A" VERSIONABLE="true">
    <METS:techMD CREATED="2008-07-02T05:09:42.484Z" ID="RELS-EXT.0">
      <METS:mdWrap FORMAT_URI="info:fedora/fedora-system:FedoraRELSExt-1.0"
        LABEL="RDF Statements about this object" MDTYPE="OTHER"
        MIMETYPE="application/rdf+xml" OTHERMDTYPE="UNSPECIFIED">
        <METS:xmlData>
          <rdf:RDF xmlns:fedora-model="info:fedora/fedora-system:def/model#" xmlns:rdf="http://www.w3.org/1999/02/22-rdf-syntax-ns#">
            <rdf:Description rdf:about="info:fedora/demo:14">
              <fedora-model:hasModel rdf:resource="info:fedora/demo:XML_TO_HTMLDOC"/>
            </rdf:Description>
          </rdf:RDF>
        </METS:xmlData>
      </METS:mdWrap>
    </METS:techMD>
  </METS:amdSec>
  <METS:fileSec>
    <METS:fileGrp ID="DATASTREAMS">
      <METS:fileGrp ID="XML_SOURCE" STATUS="A" VERSIONABLE="true">
        <METS:file CREATED="2008-07-02T05:09:42.484Z" ID="XML_SOURCE1.0"
          MIMETYPE="text/xml" OWNERID="E">
          <METS:FLocat LOCTYPE="URL"
            xlink:href="http://local.fedora.server/fedora-demo/document-transform-demo/Fedora-API-A.wsdl" xlink:title="XML source for Fedora Access Web Service Definition (WSDL)"/>
        </METS:file>
      </METS:fileGrp>
      <METS:fileGrp ID="XSL_STYLESHEET1" STATUS="A" VERSIONABLE="true">
        <METS:file CREATED="2008-07-02T05:09:42.484Z" ID="XSL_STYLESHEET1.0"
          MIMETYPE="text/xml" OWNERID="E">
          <METS:FLocat LOCTYPE="URL"
            xlink:href="http://local.fedora.server/fedora-demo/document-transform-demo/wsdlToAPIDoc.xsl" xlink:title="XSL Stylesheet to transform WSDL to HTML"/>
        </METS:file>
      </METS:fileGrp>
      <METS:fileGrp ID="XSL_STYLESHEET2" STATUS="A" VERSIONABLE="true">
        <METS:file CREATED="2008-07-02T05:09:42.484Z" ID="XSL_STYLESHEET2.0"
          MIMETYPE="text/xml" OWNERID="E">
          <METS:FLocat LOCTYPE="URL"
            xlink:href="http://local.fedora.server/fedora-demo/document-transform-demo/wsdlToSummaryTbl.xsl" xlink:title="Alt. XSL Stylesheet to transform WSDL to HTML"/>
        </METS:file>
      </METS:fileGrp>
    </METS:fileGrp>
  </METS:fileSec>
</METS:mets>
