<?xml version="1.0" encoding="UTF-8"?>
<foxml:digitalObject PID="demo:31" VERSION="1.1"
  xmlns:foxml="info:fedora/fedora-system:def/foxml#"
  xmlns:xsi="http://www.w3.org/2001/XMLSchema-instance" xsi:schemaLocation="info:fedora/fedora-system:def/foxml# http://www.fedora.info/definitions/1/0/foxml1-1.xsd">
  <foxml:objectProperties>
    <foxml:property NAME="info:fedora/fedora-system:def/model#state" VALUE="Active"/>
    <foxml:property NAME="info:fedora/fedora-system:def/model#label" VALUE="Data Object (SVG) for Simple Document Demo"/>
    <foxml:property NAME="info:fedora/fedora-system:def/model#ownerId" VALUE="fedoraAdmin"/>
    <foxml:property NAME="info:fedora/fedora-system:def/model#createdDate" VALUE="2008-07-02T05:09:42.015Z"/>
    <foxml:property NAME="info:fedora/fedora-system:def/view#lastModifiedDate" VALUE="2008-07-02T05:09:42.015Z"/>
  </foxml:objectProperties>
  <foxml:datastream CONTROL_GROUP="X" ID="DC" STATE="A" VERSIONABLE="true">
    <foxml:datastreamVersion CREATED="2008-07-02T05:09:43.328Z"
      FORMAT_URI="http://www.openarchives.org/OAI/2.0/oai_dc/" ID="DC1.0"
      LABEL="Dublin Core Record for this object" MIMETYPE="text/xml">
      <foxml:xmlContent>
        <oai_dc:dc xmlns:dc="http://purl.org/dc/elements/1.1/" xmlns:oai_dc="http://www.openarchives.org/OAI/2.0/oai_dc/">
          <dc:title>Data Object (SVG) for Simple Document Demo</dc:title>
          <dc:creator>Chris Wilper</dc:creator>
          <dc:creator>The Apache Group</dc:creator>
          <dc:subject>svg</dc:subject>
          <dc:subject>batik</dc:subject>
          <dc:subject>apache</dc:subject>
          <dc:description>Demonstration digital object containing SVG from the Batik 1.5 distribution</dc:description>
          <dc:publisher>The Apache Group</dc:publisher>
          <dc:format>image/svg+xml</dc:format>
          <dc:identifier>demo:31</dc:identifier>
          <dc:relation>http://xml.apache.org/batik/</dc:relation>
          <dc:rights>The Apache License</dc:rights>
        </oai_dc:dc>
      </foxml:xmlContent>
    </foxml:datastreamVersion>
  </foxml:datastream>
  <foxml:datastream CONTROL_GROUP="E" ID="DS1" STATE="A" VERSIONABLE="true">
    <foxml:datastreamVersion CREATED="2008-07-02T05:09:43.328Z" ID="DS1.0"
      LABEL="Local copy of batikBatik.svg (control group E)" MIMETYPE="image/svg+xml">
      <foxml:contentLocation
        REF="http://local.fedora.server/fedora-demo/simple-document-demo/batikBatik.svg" TYPE="URL"/>
    </foxml:datastreamVersion>
  </foxml:datastream>
  <foxml:datastream CONTROL_GROUP="R" ID="DS3" STATE="A" VERSIONABLE="true">
    <foxml:datastreamVersion ID="DS3.0"
      LABEL="Another local copy of batikBatik.svg (control group R)" MIMETYPE="image/svg+xml">
      <foxml:contentLocation
        REF="http://local.fedora.server/fedora-demo/simple-document-demo/batikBatik.svg" TYPE="URL"/>
    </foxml:datastreamVersion>
  </foxml:datastream>
</foxml:digitalObject>
