<?xml version="1.0" encoding="UTF-8"?>
<METS:mets EXT_VERSION="1.1"
  LABEL="Data Object (TEI to PDF) for Formatting Objects Demo" OBJID="demo:26"
  xmlns:METS="http://www.loc.gov/METS/"
  xmlns:xlink="http://www.w3.org/1999/xlink"
  xmlns:xsi="http://www.w3.org/2001/XMLSchema-instance" xsi:schemaLocation="http://www.loc.gov/METS/ http://www.fedora.info/definitions/1/0/mets-fedora-ext1-1.xsd">
  <METS:metsHdr CREATEDATE="2008-07-02T05:09:42.015Z"
    LASTMODDATE="2008-07-02T05:09:42.015Z" RECORDSTATUS="Active">
    <METS:agent ROLE="IPOWNER">
      <METS:name>fedoraAdmin</METS:name>
    </METS:agent>
  </METS:metsHdr>
  <METS:amdSec ID="DC" STATUS="A" VERSIONABLE="true">
    <METS:techMD CREATED="2008-07-02T05:09:42.765Z" ID="DC1.0">
      <METS:mdWrap FORMAT_URI="http://www.openarchives.org/OAI/2.0/oai_dc/"
        LABEL="Dublin Core Record for this object" MDTYPE="OTHER"
        MIMETYPE="text/xml" OTHERMDTYPE="UNSPECIFIED">
        <METS:xmlData>
          <oai_dc:dc xmlns:dc="http://purl.org/dc/elements/1.1/" xmlns:oai_dc="http://www.openarchives.org/OAI/2.0/oai_dc/">
            <dc:title>The Purple Cow</dc:title>
            <dc:creator>Frank Gelett Burgess</dc:creator>
            <dc:identifier>demo:26</dc:identifier>
            <dc:rights>unrestricted</dc:rights>
          </oai_dc:dc>
        </METS:xmlData>
      </METS:mdWrap>
    </METS:techMD>
  </METS:amdSec>
  <METS:amdSec ID="RELS-EXT" STATUS="A" VERSIONABLE="true">
    <METS:techMD CREATED="2008-07-02T05:09:42.765Z" ID="RELS-EXT1.0">
      <METS:mdWrap FORMAT_URI="info:fedora/fedora-system:FedoraRELSExt-1.0"
        LABEL="RDF Statements about this object" MDTYPE="OTHER"
        MIMETYPE="application/rdf+xml" OTHERMDTYPE="UNSPECIFIED">
        <METS:xmlData>
          <rdf:RDF xmlns:fedora-model="info:fedora/fedora-system:def/model#" xmlns:rdf="http://www.w3.org/1999/02/22-rdf-syntax-ns#">
            <rdf:Description rdf:about="info:fedora/demo:26">
              <fedora-model:hasModel rdf:resource="info:fedora/demo:TEI_TO_PDFDOC"/>
            </rdf:Description>
          </rdf:RDF>
        </METS:xmlData>
      </METS:mdWrap>
    </METS:techMD>
  </METS:amdSec>
  <METS:amdSec ID="TEI_SOURCE" STATUS="A" VERSIONABLE="true">
    <METS:techMD CREATED="2008-07-02T05:09:42.765Z" ID="TEI_SOURCE1.0">
      <METS:mdWrap LABEL="TEI Source" MDTYPE="OTHER" MIMETYPE="text/xml" OTHERMDTYPE="UNSPECIFIED">
        <METS:xmlData>
          <TEI.2 xmlns="">
            <teiHeader>
              <fileDesc>
                <titleStmt>
                  <title>The Purple Cow</title>
                  <author>Frank Gelett Burgess</author>
                </titleStmt>
                <publicationStmt>
                  <p>Text entry by <name>Walter Underwood</name>(wunder@infoseek.com) on
      <date>1999-02-01</date>. This transcription is in the public domain.</p>
                </publicationStmt>
                <sourceDesc>
                  <p>From the <title>The Lark</title>, San Fransicsco, <date>1896</date>.</p>
                </sourceDesc>
              </fileDesc>
            </teiHeader>
            <text>
              <body>
                <div1 type="poem">
                  <head>The Purple Cow</head>
                  <lg>
                    <l>I never saw a purple cow,</l>
                    <l>I never hope to see one;</l>
                    <l>But I can tell you, anyhow,</l>
                    <l>I'd rather see than be one.</l>
                  </lg>
                </div1>
              </body>
            </text>
          </TEI.2>
        </METS:xmlData>
      </METS:mdWrap>
    </METS:techMD>
  </METS:amdSec>
  <METS:fileSec>
    <METS:fileGrp ID="DATASTREAMS">
      <METS:fileGrp ID="XML_SOURCE" STATUS="A" VERSIONABLE="true">
        <METS:file CREATED="2008-07-02T05:09:42.765Z" ID="XML_SOURCE1.0"
          MIMETYPE="text/xml" OWNERID="E">
          <METS:FLocat LOCTYPE="URL"
            xlink:href="http://local.fedora.server/fedora/get/demo:26/demo:22/getFO" xlink:title="FOP Dissemination as Datastream"/>
        </METS:file>
      </METS:fileGrp>
    </METS:fileGrp>
  </METS:fileSec>
</METS:mets>
