<?xml version="1.0" encoding="UTF-8"?>
<METS:mets EXT_VERSION="1.1"
  LABEL="Data Object (ECDL Paper) for Simple Document Demo" OBJID="demo:18"
  xmlns:METS="http://www.loc.gov/METS/"
  xmlns:xlink="http://www.w3.org/1999/xlink"
  xmlns:xsi="http://www.w3.org/2001/XMLSchema-instance" xsi:schemaLocation="http://www.loc.gov/METS/ http://www.fedora.info/definitions/1/0/mets-fedora-ext1-1.xsd">
  <METS:metsHdr CREATEDATE="2008-07-02T05:09:42.015Z"
    LASTMODDATE="2008-07-02T05:09:42.015Z" RECORDSTATUS="Active">
    <METS:agent ROLE="IPOWNER">
      <METS:name>fedoraAdmin</METS:name>
    </METS:agent>
  </METS:metsHdr>
  <METS:amdSec ID="DC" STATUS="A" VERSIONABLE="true">
    <METS:techMD CREATED="2008-07-02T05:09:43.312Z" ID="DC1.0">
      <METS:mdWrap FORMAT_URI="http://www.openarchives.org/OAI/2.0/oai_dc/"
        LABEL="Dublin Core Record for this object" MDTYPE="OTHER"
        MIMETYPE="text/xml" OTHERMDTYPE="UNSPECIFIED">
        <METS:xmlData>
          <oai_dc:dc xmlns:dc="http://purl.org/dc/elements/1.1/" xmlns:oai_dc="http://www.openarchives.org/OAI/2.0/oai_dc/">
            <dc:title>The Mellon Fedora Project: Digital Library Architecture Meets XML and Web Services</dc:title>
            <dc:creator>Sandra Payette</dc:creator>
            <dc:creator>Thornton Staples</dc:creator>
            <dc:subject>Fedora</dc:subject>
            <dc:subject>repository architecture</dc:subject>
            <dc:subject>digital libraries</dc:subject>
            <dc:subject>web service</dc:subject>
            <dc:subject>open source software</dc:subject>
            <dc:description>Paper on the Fedora project, presented at the European Digital Library Conference (ECDL) in 2002, Rome, Italy</dc:description>
            <dc:publisher>Springer</dc:publisher>
            <dc:date>2002-09-17</dc:date>
            <dc:format>application/pdf</dc:format>
            <dc:format>application/msword</dc:format>
            <dc:format>application/ps</dc:format>
            <dc:identifier>demo:18</dc:identifier>
            <dc:relation>http://www.fedora.info</dc:relation>
            <dc:rights>unrestricted</dc:rights>
          </oai_dc:dc>
        </METS:xmlData>
      </METS:mdWrap>
    </METS:techMD>
  </METS:amdSec>
  <METS:fileSec>
    <METS:fileGrp ID="DATASTREAMS">
      <METS:fileGrp ID="DS1" STATUS="A" VERSIONABLE="true">
        <METS:file CREATED="2008-07-02T05:09:43.312Z" ID="DS1.0"
          MIMETYPE="application/msword" OWNERID="E">
          <METS:FLocat LOCTYPE="URL"
            xlink:href="http://local.fedora.server/fedora-demo/simple-document-demo/ecdl2002pay.doc" xlink:title="The Mellon Fedora Project: Digital Library Architecture Meets XML and Web Services (Formatted in MSWord)"/>
        </METS:file>
      </METS:fileGrp>
      <METS:fileGrp ID="DS2" STATUS="A" VERSIONABLE="true">
        <METS:file CREATED="2008-07-02T05:09:43.312Z" ID="DS2.0"
          MIMETYPE="application/pdf" OWNERID="E">
          <METS:FLocat LOCTYPE="URL"
            xlink:href="http://local.fedora.server/fedora-demo/simple-document-demo/ecdl2002pay.pdf" xlink:title="The Mellon Fedora Project: Digital Library Architecture Meets XML and Web Services (Formatted in PDF)"/>
        </METS:file>
      </METS:fileGrp>
      <METS:fileGrp ID="DS3" STATUS="A" VERSIONABLE="true">
        <METS:file CREATED="2008-07-02T05:09:43.312Z" ID="DS3.0"
          MIMETYPE="application/ps" OWNERID="E">
          <METS:FLocat LOCTYPE="URL"
            xlink:href="http://local.fedora.server/fedora-demo/simple-document-demo/ecdl2002pay.ps" xlink:title="The Mellon Fedora Project: Digital Library Architecture Meets XML and Web Services (Formatted in PS)"/>
        </METS:file>
      </METS:fileGrp>
    </METS:fileGrp>
  </METS:fileSec>
</METS:mets>
