<?xml version="1.0" encoding="UTF-8"?>
<foxml:digitalObject PID="demo:DualResolution" VERSION="1.1"
                     xmlns:foxml="info:fedora/fedora-system:def/foxml#"
                     xmlns:xsi="http://www.w3.org/2001/XMLSchema-instance"
                     xsi:schemaLocation="info:fedora/fedora-system:def/foxml# http://www.fedora.info/definitions/1/0/foxml1-1.xsd">
    <foxml:objectProperties>
        <foxml:property NAME="info:fedora/fedora-system:def/model#state" VALUE="Active"/>
        <foxml:property NAME="info:fedora/fedora-system:def/model#label"
                        VALUE="Service Definition Object (Image) for Image Collection Demo"/>
        <foxml:property NAME="info:fedora/fedora-system:def/model#ownerId" VALUE="fedoraAdmin"/>
        <foxml:property NAME="info:fedora/fedora-system:def/model#createdDate" VALUE="2008-07-02T05:09:42.015Z"/>
        <foxml:property NAME="info:fedora/fedora-system:def/view#lastModifiedDate" VALUE="2008-07-02T05:09:42.015Z"/>
    </foxml:objectProperties>
    <foxml:datastream CONTROL_GROUP="X" ID="DC" STATE="A" VERSIONABLE="true">
        <foxml:datastreamVersion CREATED="2008-07-02T05:09:43.156Z"
                                 FORMAT_URI="http://www.openarchives.org/OAI/2.0/oai_dc/" ID="DC1.0"
                                 LABEL="Dublin Core Record for this object" MIMETYPE="text/xml">
            <foxml:xmlContent>
                <oai_dc:dc xmlns:dc="http://purl.org/dc/elements/1.1/"
                           xmlns:oai_dc="http://www.openarchives.org/OAI/2.0/oai_dc/">
                    <dc:title>Service Definition Object (Image) for Image Collection Demo</dc:title>
                    <dc:identifier>demo:DualResolution</dc:identifier>
                </oai_dc:dc>
            </foxml:xmlContent>
        </foxml:datastreamVersion>
    </foxml:datastream>
    <foxml:datastream CONTROL_GROUP="X" ID="RELS-EXT" STATE="A" VERSIONABLE="true">
        <foxml:datastreamVersion CREATED="2008-07-02T05:09:43.156Z"
                                 FORMAT_URI="info:fedora/fedora-system:FedoraRELSExt-1.0" ID="RELS-EXT1.0"
                                 LABEL="RDF Statements about this object" MIMETYPE="application/rdf+xml">
            <foxml:xmlContent>
                <rdf:RDF xmlns:fedora-model="info:fedora/fedora-system:def/model#"
                         xmlns:rdf="http://www.w3.org/1999/02/22-rdf-syntax-ns#">
                    <rdf:Description rdf:about="info:fedora/demo:DualResolution">
                        <fedora-model:hasModel rdf:resource="info:fedora/fedora-system:ServiceDefinition-3.0"/>
                    </rdf:Description>
                </rdf:RDF>
            </foxml:xmlContent>
        </foxml:datastreamVersion>
    </foxml:datastream>
    <foxml:datastream CONTROL_GROUP="X" ID="METHODMAP" STATE="A" VERSIONABLE="true">
        <foxml:datastreamVersion CREATED="2008-07-02T05:09:43.156Z"
                                 FORMAT_URI="info:fedora/fedora-system:FedoraSDefMethodMap-1.0"
                                 ID="METHODMAP1.0" LABEL="Abstract Method Map" MIMETYPE="text/xml">
            <foxml:xmlContent>
                <fmm:MethodMap name="MethodMap - Dual Resolution Image"
                               xmlns:fmm="http://fedora.comm.nsdlib.org/service/methodmap">
                    <fmm:Method operationLabel="A full-size image" operationName="fullSize"/>
                    <fmm:Method operationLabel="A medium-size image" operationName="mediumSize"/>
                </fmm:MethodMap>
            </foxml:xmlContent>
        </foxml:datastreamVersion>
    </foxml:datastream>
</foxml:digitalObject>
