<?xml version="1.0" encoding="UTF-8"?>
<feed xmlns="http://www.w3.org/2005/Atom">
  <id>info:fedora/demo:DualResImageImpl</id>
  <title type="text">Service Deployment Object (Image) for Image Collection Demo</title>
  <updated>2008-07-02T05:09:42.015Z</updated>
  <author>
    <name>fedoraAdmin</name>
  </author>
  <category scheme="info:fedora/fedora-system:def/model#state" term="Active"/>
  <category scheme="info:fedora/fedora-system:def/model#createdDate" term="2008-07-02T05:09:42.015Z"/>
  <icon>http://www.fedora-commons.org/images/logo_vertical_transparent_200_251.png</icon>
  <entry>
    <id>info:fedora/demo:DualResImageImpl/DC</id>
    <title type="text">DC</title>
    <updated>2008-07-02T05:09:43.203Z</updated>
    <link href="info:fedora/demo:DualResImageImpl/DC/2008-07-02T05:09:43.203Z" rel="alternate"/>
    <category scheme="info:fedora/fedora-system:def/model#state" term="A"/>
    <category scheme="info:fedora/fedora-system:def/model#controlGroup" term="X"/>
    <category scheme="info:fedora/fedora-system:def/model#versionable" term="true"/>
  </entry>
  <entry xmlns:thr="http://purl.org/syndication/thread/1.0">
    <id>info:fedora/demo:DualResImageImpl/DC/2008-07-02T05:09:43.203Z</id>
    <title type="text">DC1.0</title>
    <updated>2008-07-02T05:09:43.203Z</updated>
    <thr:in-reply-to ref="info:fedora/demo:DualResImageImpl/DC"/>
    <category scheme="info:fedora/fedora-system:def/model#formatURI" term="http://www.openarchives.org/OAI/2.0/oai_dc/"/>
    <category scheme="info:fedora/fedora-system:def/model#label" term="Dublin Core Record for this object"/>
    <content type="text/xml">
      <oai_dc:dc xmlns:dc="http://purl.org/dc/elements/1.1/" xmlns:oai_dc="http://www.openarchives.org/OAI/2.0/oai_dc/">
        <dc:title>Service Deployment Object (Image) for Image Collection Demo</dc:title>
        <dc:identifier>demo:DualResImageImpl</dc:identifier>
      </oai_dc:dc>
    </content>
  </entry>
  <entry>
    <id>info:fedora/demo:DualResImageImpl/RELS-EXT</id>
    <title type="text">RELS-EXT</title>
    <updated>2008-07-02T05:09:43.203Z</updated>
    <link
      href="info:fedora/demo:DualResImageImpl/RELS-EXT/2008-07-02T05:09:43.203Z" rel="alternate"/>
    <category scheme="info:fedora/fedora-system:def/model#state" term="A"/>
    <category scheme="info:fedora/fedora-system:def/model#controlGroup" term="X"/>
    <category scheme="info:fedora/fedora-system:def/model#versionable" term="true"/>
  </entry>
  <entry xmlns:thr="http://purl.org/syndication/thread/1.0">
    <id>info:fedora/demo:DualResImageImpl/RELS-EXT/2008-07-02T05:09:43.203Z</id>
    <title type="text">RELS-EXT.1</title>
    <updated>2008-07-02T05:09:43.203Z</updated>
    <thr:in-reply-to ref="info:fedora/demo:DualResImageImpl/RELS-EXT"/>
    <category scheme="info:fedora/fedora-system:def/model#formatURI" term="info:fedora/fedora-system:FedoraRELSExt-1.0"/>
    <category scheme="info:fedora/fedora-system:def/model#label" term="RDF Statements about this object"/>
    <content type="application/rdf+xml">
      <rdf:RDF xmlns:fedora-model="info:fedora/fedora-system:def/model#" xmlns:rdf="http://www.w3.org/1999/02/22-rdf-syntax-ns#">
        <rdf:Description rdf:about="info:fedora/demo:DualResImageImpl">
          <fedora-model:hasModel rdf:resource="info:fedora/fedora-system:ServiceDeployment-3.0"/>
          <fedora-model:isDeploymentOf rdf:resource="info:fedora/demo:DualResolution"/>
          <fedora-model:isContractorOf rdf:resource="info:fedora/demo:DualResImage"/>
        </rdf:Description>
      </rdf:RDF>
    </content>
  </entry>
  <entry>
    <id>info:fedora/demo:DualResImageImpl/METHODMAP</id>
    <title type="text">METHODMAP</title>
    <updated>2008-07-02T05:09:43.203Z</updated>
    <link
      href="info:fedora/demo:DualResImageImpl/METHODMAP/2008-07-02T05:09:43.203Z" rel="alternate"/>
    <category scheme="info:fedora/fedora-system:def/model#state" term="A"/>
    <category scheme="info:fedora/fedora-system:def/model#controlGroup" term="X"/>
    <category scheme="info:fedora/fedora-system:def/model#versionable" term="true"/>
  </entry>
  <entry xmlns:thr="http://purl.org/syndication/thread/1.0">
    <id>info:fedora/demo:DualResImageImpl/METHODMAP/2008-07-02T05:09:43.203Z</id>
    <title type="text">METHODMAP1.0</title>
    <updated>2008-07-02T05:09:43.203Z</updated>
    <thr:in-reply-to ref="info:fedora/demo:DualResImageImpl/METHODMAP"/>
    <category scheme="info:fedora/fedora-system:def/model#formatURI" term="info:fedora/fedora-system:FedoraSDepMethodMap-1.1"/>
    <category scheme="info:fedora/fedora-system:def/model#label" term="Deployment Method Map"/>
    <content type="text/xml">
      <fmm:MethodMap name="MethodMap - Dual Resolution Image Implementation" xmlns:fmm="http://fedora.comm.nsdlib.org/service/methodmap">
        <fmm:Method operationLabel="A full-size image" operationName="fullSize"
          wsdlMsgName="fullSizeRequest" wsdlMsgOutput="dissemResponse">
          <fmm:DatastreamInputParm defaultValue="" label="The full-size image"
            parmName="FULL_SIZE" passBy="URL_REF" required="true"/>
          <fmm:MethodReturnType wsdlMsgName="dissemResponse" wsdlMsgTOMIME="image/jpeg"/>
        </fmm:Method>
        <fmm:Method operationLabel="A medium-size image"
          operationName="mediumSize" wsdlMsgName="mediumSizeRequest" wsdlMsgOutput="dissemResponse">
          <fmm:DatastreamInputParm defaultValue="" label="The medium-size image"
            parmName="MEDIUM_SIZE" passBy="URL_REF" required="true"/>
          <fmm:MethodReturnType wsdlMsgName="dissemResponse" wsdlMsgTOMIME="image/jpeg"/>
        </fmm:Method>
      </fmm:MethodMap>
    </content>
  </entry>
  <entry>
    <id>info:fedora/demo:DualResImageImpl/DSINPUTSPEC</id>
    <title type="text">DSINPUTSPEC</title>
    <updated>2008-07-02T05:09:43.203Z</updated>
    <link
      href="info:fedora/demo:DualResImageImpl/DSINPUTSPEC/2008-07-02T05:09:43.203Z" rel="alternate"/>
    <category scheme="info:fedora/fedora-system:def/model#state" term="A"/>
    <category scheme="info:fedora/fedora-system:def/model#controlGroup" term="X"/>
    <category scheme="info:fedora/fedora-system:def/model#versionable" term="true"/>
  </entry>
  <entry xmlns:thr="http://purl.org/syndication/thread/1.0">
    <id>info:fedora/demo:DualResImageImpl/DSINPUTSPEC/2008-07-02T05:09:43.203Z</id>
    <title type="text">DSINPUTSPEC1.0</title>
    <updated>2008-07-02T05:09:43.203Z</updated>
    <thr:in-reply-to ref="info:fedora/demo:DualResImageImpl/DSINPUTSPEC"/>
    <category scheme="info:fedora/fedora-system:def/model#formatURI" term="info:fedora/fedora-system:FedoraDSInputSpec-1.1"/>
    <category scheme="info:fedora/fedora-system:def/model#label" term="Datastream Input Specification"/>
    <content type="text/xml">
      <fbs:DSInputSpec
        label="Datastream Input Specification for Dual Resolution Image Implementation" xmlns:fbs="http://fedora.comm.nsdlib.org/service/bindspec">
        <fbs:DSInput DSMax="1" DSMin="1" DSOrdinality="false" wsdlMsgPartName="FULL_SIZE">
          <fbs:DSInputLabel>FULL_SIZE Binding</fbs:DSInputLabel>
          <fbs:DSMIME>image/jpeg</fbs:DSMIME>
          <fbs:DSInputInstruction/>
        </fbs:DSInput>
        <fbs:DSInput DSMax="1" DSMin="1" DSOrdinality="false" wsdlMsgPartName="MEDIUM_SIZE">
          <fbs:DSInputLabel>MEDIUM_SIZE Binding</fbs:DSInputLabel>
          <fbs:DSMIME>image/jpeg</fbs:DSMIME>
          <fbs:DSInputInstruction/>
        </fbs:DSInput>
      </fbs:DSInputSpec>
    </content>
  </entry>
  <entry>
    <id>info:fedora/demo:DualResImageImpl/WSDL</id>
    <title type="text">WSDL</title>
    <updated>2008-07-02T05:09:43.203Z</updated>
    <link href="info:fedora/demo:DualResImageImpl/WSDL/2008-07-02T05:09:43.203Z" rel="alternate"/>
    <category scheme="info:fedora/fedora-system:def/model#state" term="A"/>
    <category scheme="info:fedora/fedora-system:def/model#controlGroup" term="X"/>
    <category scheme="info:fedora/fedora-system:def/model#versionable" term="true"/>
  </entry>
  <entry xmlns:thr="http://purl.org/syndication/thread/1.0">
    <id>info:fedora/demo:DualResImageImpl/WSDL/2008-07-02T05:09:43.203Z</id>
    <title type="text">WSDL1.0</title>
    <updated>2008-07-02T05:09:43.203Z</updated>
    <thr:in-reply-to ref="info:fedora/demo:DualResImageImpl/WSDL"/>
    <category scheme="info:fedora/fedora-system:def/model#formatURI" term="http://schemas.xmlsoap.org/wsdl/"/>
    <category scheme="info:fedora/fedora-system:def/model#label" term="WSDL Bindings"/>
    <content type="text/xml">
      <wsdl:definitions name="DualResolutionImageImplementation"
        targetNamespace="bmech"
        xmlns:http="http://schemas.xmlsoap.org/wsdl/http/"
        xmlns:mime="http://schemas.xmlsoap.org/wsdl/mime/"
        xmlns:soap="http://schemas.xmlsoap.org/wsdl/soap"
        xmlns:soapenc="http://schemas.xmlsoap.org/wsdl/soap/encoding"
        xmlns:this="bmech" xmlns:wsdl="http://schemas.xmlsoap.org/wsdl/" xmlns:xsd="http://www.w3.org/2001/XMLSchema">
        <wsdl:types>
          <xsd:schema targetNamespace="bmech">
            <xsd:simpleType name="FULL_SIZEType">
              <xsd:restriction base="xsd:string"/>
            </xsd:simpleType>
            <xsd:simpleType name="MEDIUM_SIZEType">
              <xsd:restriction base="xsd:string"/>
            </xsd:simpleType>
          </xsd:schema>
        </wsdl:types>
        <wsdl:message name="fullSizeRequest">
          <wsdl:part name="FULL_SIZE" type="this:FULL_SIZEType"/>
        </wsdl:message>
        <wsdl:message name="mediumSizeRequest">
          <wsdl:part name="MEDIUM_SIZE" type="this:MEDIUM_SIZEType"/>
        </wsdl:message>
        <wsdl:message name="dissemResponse">
          <wsdl:part name="dissem" type="xsd:base64Binary"/>
        </wsdl:message>
        <wsdl:portType name="DualResImageImplPortType">
          <wsdl:operation name="fullSize">
            <wsdl:input message="this:fullSizeRequest"/>
            <wsdl:output message="this:dissemResponse"/>
          </wsdl:operation>
          <wsdl:operation name="mediumSize">
            <wsdl:input message="this:mediumSizeRequest"/>
            <wsdl:output message="this:dissemResponse"/>
          </wsdl:operation>
        </wsdl:portType>
        <wsdl:service name="DualResImageImpl">
          <wsdl:port binding="this:DualResImageImpl_http" name="DualResImageImpl_port">
            <http:address location="LOCAL"/>
          </wsdl:port>
        </wsdl:service>
        <wsdl:binding name="DualResImageImpl_http" type="this:DualResImageImplPortType">
          <http:binding verb="GET"/>
          <wsdl:operation name="fullSize">
            <http:operation location="(FULL_SIZE)"/>
            <wsdl:input>
              <http:urlReplacement/>
            </wsdl:input>
            <wsdl:output>
              <mime:content type="image/jpeg"/>
            </wsdl:output>
          </wsdl:operation>
          <wsdl:operation name="mediumSize">
            <http:operation location="(MEDIUM_SIZE)"/>
            <wsdl:input>
              <http:urlReplacement/>
            </wsdl:input>
            <wsdl:output>
              <mime:content type="image/jpeg"/>
            </wsdl:output>
          </wsdl:operation>
        </wsdl:binding>
      </wsdl:definitions>
    </content>
  </entry>
</feed>
