<?xml version="1.0" encoding="UTF-8"?>
<feed xmlns="http://www.w3.org/2005/Atom">
  <id>info:fedora/demo:CollectionImpl</id>
  <title type="text">Service Deployment Object (Collection) for Image Collection Demo</title>
  <updated>2008-07-02T05:09:42.015Z</updated>
  <author>
    <name>fedoraAdmin</name>
  </author>
  <category scheme="info:fedora/fedora-system:def/model#state" term="Active"/>
  <category scheme="info:fedora/fedora-system:def/model#createdDate" term="2008-07-02T05:09:42.015Z"/>
  <icon>http://www.fedora-commons.org/images/logo_vertical_transparent_200_251.png</icon>
  <entry>
    <id>info:fedora/demo:CollectionImpl/DC</id>
    <title type="text">DC</title>
    <updated>2008-07-02T05:09:43.171Z</updated>
    <link href="info:fedora/demo:CollectionImpl/DC/2008-07-02T05:09:43.171Z" rel="alternate"/>
    <category scheme="info:fedora/fedora-system:def/model#state" term="A"/>
    <category scheme="info:fedora/fedora-system:def/model#controlGroup" term="X"/>
    <category scheme="info:fedora/fedora-system:def/model#versionable" term="true"/>
  </entry>
  <entry xmlns:thr="http://purl.org/syndication/thread/1.0">
    <id>info:fedora/demo:CollectionImpl/DC/2008-07-02T05:09:43.171Z</id>
    <title type="text">DC1.0</title>
    <updated>2008-07-02T05:09:43.171Z</updated>
    <thr:in-reply-to ref="info:fedora/demo:CollectionImpl/DC"/>
    <category scheme="info:fedora/fedora-system:def/model#formatURI" term="http://www.openarchives.org/OAI/2.0/oai_dc/"/>
    <category scheme="info:fedora/fedora-system:def/model#label" term="Dublin Core Record for this object"/>
    <content type="text/xml">
      <oai_dc:dc xmlns:dc="http://purl.org/dc/elements/1.1/" xmlns:oai_dc="http://www.openarchives.org/OAI/2.0/oai_dc/">
        <dc:title>Service Deployment Object (Collection) for Image Collection Demo</dc:title>
        <dc:identifier>demo:ImageCollectionImpl</dc:identifier>
      </oai_dc:dc>
    </content>
  </entry>
  <entry>
    <id>info:fedora/demo:CollectionImpl/RELS-EXT</id>
    <title type="text">RELS-EXT</title>
    <updated>2008-07-02T05:09:43.171Z</updated>
    <link
      href="info:fedora/demo:CollectionImpl/RELS-EXT/2008-07-02T05:09:43.171Z" rel="alternate"/>
    <category scheme="info:fedora/fedora-system:def/model#state" term="A"/>
    <category scheme="info:fedora/fedora-system:def/model#controlGroup" term="X"/>
    <category scheme="info:fedora/fedora-system:def/model#versionable" term="true"/>
  </entry>
  <entry xmlns:thr="http://purl.org/syndication/thread/1.0">
    <id>info:fedora/demo:CollectionImpl/RELS-EXT/2008-07-02T05:09:43.171Z</id>
    <title type="text">RELS-EXT.1</title>
    <updated>2008-07-02T05:09:43.171Z</updated>
    <thr:in-reply-to ref="info:fedora/demo:CollectionImpl/RELS-EXT"/>
    <category scheme="info:fedora/fedora-system:def/model#formatURI" term="info:fedora/fedora-system:FedoraRELSExt-1.0"/>
    <category scheme="info:fedora/fedora-system:def/model#label" term="RDF Statements about this object"/>
    <content type="application/rdf+xml">
      <rdf:RDF xmlns:fedora-model="info:fedora/fedora-system:def/model#" xmlns:rdf="http://www.w3.org/1999/02/22-rdf-syntax-ns#">
        <rdf:Description rdf:about="info:fedora/demo:CollectionImpl">
          <fedora-model:hasModel rdf:resource="info:fedora/fedora-system:ServiceDeployment-3.0"/>
          <fedora-model:isDeploymentOf rdf:resource="info:fedora/demo:Collection"/>
          <fedora-model:isContractorOf rdf:resource="info:fedora/demo:DualResImageCollection"/>
        </rdf:Description>
      </rdf:RDF>
    </content>
  </entry>
  <entry>
    <id>info:fedora/demo:CollectionImpl/METHODMAP</id>
    <title type="text">METHODMAP</title>
    <updated>2008-07-02T05:09:43.171Z</updated>
    <link
      href="info:fedora/demo:CollectionImpl/METHODMAP/2008-07-02T05:09:43.171Z" rel="alternate"/>
    <category scheme="info:fedora/fedora-system:def/model#state" term="A"/>
    <category scheme="info:fedora/fedora-system:def/model#controlGroup" term="X"/>
    <category scheme="info:fedora/fedora-system:def/model#versionable" term="true"/>
  </entry>
  <entry xmlns:thr="http://purl.org/syndication/thread/1.0">
    <id>info:fedora/demo:CollectionImpl/METHODMAP/2008-07-02T05:09:43.171Z</id>
    <title type="text">METHODMAP1.0</title>
    <updated>2008-07-02T05:09:43.171Z</updated>
    <thr:in-reply-to ref="info:fedora/demo:CollectionImpl/METHODMAP"/>
    <category scheme="info:fedora/fedora-system:def/model#formatURI" term="info:fedora/fedora-system:FedoraSDepMethodMap-1.1"/>
    <category scheme="info:fedora/fedora-system:def/model#label" term="Deployment Method Map"/>
    <content type="text/xml">
      <fmm:MethodMap name="MethodMap - Image Collection" xmlns:fmm="http://fedora.comm.nsdlib.org/service/methodmap">
        <fmm:Method operationLabel="An html representation of the collection"
          operationName="view" wsdlMsgName="viewRequest" wsdlMsgOutput="dissemResponse">
          <fmm:DatastreamInputParm
            label="Stylesheet to transform LIST into html" parmName="XSLT"
            passBy="URL_REF" required="true"/>
          <fmm:DatastreamInputParm
            label="The result of the list dissemination as a datastream"
            parmName="LIST" passBy="URL_REF" required="true"/>
          <fmm:DefaultInputParm defaultValue="yes"
            label="Whether to reload the stylesheet each time"
            parmName="CLEAR_CACHE" passBy="VALUE" required="true"/>
          <fmm:MethodReturnType wsdlMsgName="dissemResponse" wsdlMsgTOMIME="text/html"/>
        </fmm:Method>
        <fmm:Method operationLabel="An xml list of members in the collection"
          operationName="list" wsdlMsgName="listRequest" wsdlMsgOutput="dissemResponse">
          <fmm:DatastreamInputParm defaultValue="" label="" parmName="QUERY"
            passBy="URL_REF" required="true"/>
          <fmm:DefaultInputParm defaultValue="tuples" label="" parmName="TYPE"
            passBy="VALUE" required="true"/>
          <fmm:DefaultInputParm defaultValue="itql" label="" parmName="LANG"
            passBy="VALUE" required="true"/>
          <fmm:DefaultInputParm defaultValue="Sparql" label="" parmName="FORMAT"
            passBy="VALUE" required="true"/>
          <fmm:MethodReturnType wsdlMsgName="dissemResponse" wsdlMsgTOMIME="text/xml"/>
        </fmm:Method>
      </fmm:MethodMap>
    </content>
  </entry>
  <entry>
    <id>info:fedora/demo:CollectionImpl/DSINPUTSPEC</id>
    <title type="text">DSINPUTSPEC</title>
    <updated>2004-12-17T15:32:11.000Z</updated>
    <link
      href="info:fedora/demo:CollectionImpl/DSINPUTSPEC/2004-12-17T15:32:11.000Z" rel="alternate"/>
    <category scheme="info:fedora/fedora-system:def/model#state" term="A"/>
    <category scheme="info:fedora/fedora-system:def/model#controlGroup" term="X"/>
    <category scheme="info:fedora/fedora-system:def/model#versionable" term="true"/>
  </entry>
  <entry xmlns:thr="http://purl.org/syndication/thread/1.0">
    <id>info:fedora/demo:CollectionImpl/DSINPUTSPEC/2004-12-17T15:32:11.000Z</id>
    <title type="text">DSINPUTSPEC1.0</title>
    <updated>2004-12-17T15:32:11.000Z</updated>
    <thr:in-reply-to ref="info:fedora/demo:CollectionImpl/DSINPUTSPEC"/>
    <category scheme="info:fedora/fedora-system:def/model#formatURI" term="info:fedora/fedora-system:FedoraDSInputSpec-1.1"/>
    <category scheme="info:fedora/fedora-system:def/model#label" term="Datastream Input Specification"/>
    <content type="text/xml">
      <fbs:DSInputSpec
        label="Datastream Input Specification for Image Collection" xmlns:fbs="http://fedora.comm.nsdlib.org/service/bindspec">
        <fbs:DSInput DSMax="1" DSMin="1" DSOrdinality="false" wsdlMsgPartName="XSLT">
          <fbs:DSInputLabel>XSLT Binding</fbs:DSInputLabel>
          <fbs:DSMIME>text/xml</fbs:DSMIME>
          <fbs:DSInputInstruction/>
        </fbs:DSInput>
        <fbs:DSInput DSMax="1" DSMin="1" DSOrdinality="false" wsdlMsgPartName="LIST">
          <fbs:DSInputLabel>LIST Binding</fbs:DSInputLabel>
          <fbs:DSMIME>text/xml</fbs:DSMIME>
          <fbs:DSInputInstruction/>
        </fbs:DSInput>
        <fbs:DSInput DSMax="1" DSMin="1" DSOrdinality="false" wsdlMsgPartName="QUERY">
          <fbs:DSInputLabel>QUERY Binding</fbs:DSInputLabel>
          <fbs:DSMIME>text/plain</fbs:DSMIME>
          <fbs:DSInputInstruction/>
        </fbs:DSInput>
      </fbs:DSInputSpec>
    </content>
  </entry>
  <entry>
    <id>info:fedora/demo:CollectionImpl/WSDL</id>
    <title type="text">WSDL</title>
    <updated>2008-07-02T05:09:43.171Z</updated>
    <link href="info:fedora/demo:CollectionImpl/WSDL/2008-07-02T05:09:43.171Z" rel="alternate"/>
    <category scheme="info:fedora/fedora-system:def/model#state" term="A"/>
    <category scheme="info:fedora/fedora-system:def/model#controlGroup" term="X"/>
    <category scheme="info:fedora/fedora-system:def/model#versionable" term="true"/>
  </entry>
  <entry xmlns:thr="http://purl.org/syndication/thread/1.0">
    <id>info:fedora/demo:CollectionImpl/WSDL/2008-07-02T05:09:43.171Z</id>
    <title type="text">WSDL1.0</title>
    <updated>2008-07-02T05:09:43.171Z</updated>
    <thr:in-reply-to ref="info:fedora/demo:CollectionImpl/WSDL"/>
    <category scheme="info:fedora/fedora-system:def/model#formatURI" term="http://schemas.xmlsoap.org/wsdl/"/>
    <category scheme="info:fedora/fedora-system:def/model#label" term="WSDL Bindings"/>
    <content type="text/xml">
      <wsdl:definitions name="ImageCollection" targetNamespace="bmech"
        xmlns:http="http://schemas.xmlsoap.org/wsdl/http/"
        xmlns:mime="http://schemas.xmlsoap.org/wsdl/mime/"
        xmlns:soap="http://schemas.xmlsoap.org/wsdl/soap"
        xmlns:soapenc="http://schemas.xmlsoap.org/wsdl/soap/encoding"
        xmlns:this="bmech" xmlns:wsdl="http://schemas.xmlsoap.org/wsdl/" xmlns:xsd="http://www.w3.org/2001/XMLSchema">
        <wsdl:types>
          <xsd:schema targetNamespace="bmech">
            <xsd:simpleType name="TYPEType">
              <xsd:restriction base="xsd:string"/>
            </xsd:simpleType>
            <xsd:simpleType name="QUERYType">
              <xsd:restriction base="xsd:string"/>
            </xsd:simpleType>
            <xsd:simpleType name="XSLTType">
              <xsd:restriction base="xsd:string"/>
            </xsd:simpleType>
            <xsd:simpleType name="LANGType">
              <xsd:restriction base="xsd:string"/>
            </xsd:simpleType>
            <xsd:simpleType name="LISTType">
              <xsd:restriction base="xsd:string"/>
            </xsd:simpleType>
            <xsd:simpleType name="CLEAR_CACHEType">
              <xsd:restriction base="xsd:string"/>
            </xsd:simpleType>
            <xsd:simpleType name="FORMATType">
              <xsd:restriction base="xsd:string"/>
            </xsd:simpleType>
          </xsd:schema>
        </wsdl:types>
        <wsdl:message name="viewRequest">
          <wsdl:part name="XSLT" type="this:XSLTType"/>
          <wsdl:part name="LIST" type="this:LISTType"/>
          <wsdl:part name="CLEAR_CACHE" type="this:CLEAR_CACHEType"/>
        </wsdl:message>
        <wsdl:message name="listRequest">
          <wsdl:part name="TYPE" type="this:TYPEType"/>
          <wsdl:part name="QUERY" type="this:QUERYType"/>
          <wsdl:part name="LANG" type="this:LANGType"/>
          <wsdl:part name="FORMAT" type="this:FORMATType"/>
        </wsdl:message>
        <wsdl:message name="dissemResponse">
          <wsdl:part name="dissem" type="xsd:base64Binary"/>
        </wsdl:message>
        <wsdl:portType name="ImageCollectionPortType">
          <wsdl:operation name="view">
            <wsdl:input message="this:viewRequest"/>
            <wsdl:output message="this:dissemResponse"/>
          </wsdl:operation>
          <wsdl:operation name="list">
            <wsdl:input message="this:listRequest"/>
            <wsdl:output message="this:dissemResponse"/>
          </wsdl:operation>
        </wsdl:portType>
        <wsdl:service name="ImageCollection">
          <wsdl:port binding="this:ImageCollection_http" name="ImageCollection_port">
            <http:address location="LOCAL"/>
          </wsdl:port>
        </wsdl:service>
        <wsdl:binding name="ImageCollection_http" type="this:ImageCollectionPortType">
          <http:binding verb="GET"/>
          <wsdl:operation name="view">
            <http:operation location="http://local.fedora.server/saxon/SaxonServlet?source=(LIST)&amp;style=(XSLT)&amp;clear-stylesheet-cache=(CLEAR_CACHE)"/>
            <wsdl:input>
              <http:urlReplacement/>
            </wsdl:input>
            <wsdl:output>
              <mime:content type="text/html"/>
            </wsdl:output>
          </wsdl:operation>
          <wsdl:operation name="list">
            <http:operation location="http://local.fedora.server/fedora/risearch?type=(TYPE)&amp;lang=(LANG)&amp;format=(FORMAT)&amp;query=(QUERY)"/>
            <wsdl:input>
              <http:urlReplacement/>
            </wsdl:input>
            <wsdl:output>
              <mime:content type="text/xml"/>
            </wsdl:output>
          </wsdl:operation>
        </wsdl:binding>
      </wsdl:definitions>
    </content>
  </entry>
</feed>
