<?xml version="1.0" encoding="UTF-8"?>
<Policy xmlns="urn:oasis:names:tc:xacml:2.0:policy:schema:os" xmlns:xacml-context="urn:oasis:names:tc:xacml:2.0:context:schema:os" xmlns:xsi="http://www.w3.org/2001/XMLSchema-instance" xsi:schemaLocation="urn:oasis:names:tc:xacml:2.0:policy:schema:os http://docs.oasis-open.org/xacml/2.0/access_control-xacml-2.0-policy-schema-os.xsd
						urn:oasis:names:tc:xacml:2.0:context:schema:os http://docs.oasis-open.org/xacml/2.0/access_control-xacml-2.0-context-schema-os.xsd"
	PolicyId="public-demo_demoObjectCollection" RuleCombiningAlgId="urn:oasis:names:tc:xacml:1.0:rule-combining-algorithm:permit-overrides">
	<Description>A policy to provide public users the ability to view all objects in the demo object collection</Description>
	<Target>
		<Subjects>
			<Subject>
				<SubjectMatch MatchId="urn:oasis:names:tc:xacml:1.0:function:string-equal">
					<AttributeValue DataType="http://www.w3.org/2001/XMLSchema#string">public</AttributeValue>
					<SubjectAttributeDesignator AttributeId="urn:fedora:names:fedora:2.1:subject:role" DataType="http://www.w3.org/2001/XMLSchema#string" />
				</SubjectMatch>
			</Subject>
			<Subject>
				<SubjectMatch MatchId="urn:oasis:names:tc:xacml:1.0:function:string-equal">
					<AttributeValue DataType="http://www.w3.org/2001/XMLSchema#string">public</AttributeValue>
					<SubjectAttributeDesignator AttributeId="urn:oasis:names:tc:xacml:1.0:subject:subject-id" DataType="http://www.w3.org/2001/XMLSchema#string" />
				</SubjectMatch>
			</Subject>
		</Subjects>
		<Resources>
			<Resource>
				<!-- to view everything under the resource collection -->
				<ResourceMatch MatchId="urn:oasis:names:tc:xacml:2.0:function:anyURI-regexp-match">
					<AttributeValue DataType="http://www.w3.org/2001/XMLSchema#string">/demo:demoObjectCollection/.*</AttributeValue>
					<ResourceAttributeDesignator AttributeId="urn:oasis:names:tc:xacml:1.0:resource:resource-id" DataType="http://www.w3.org/2001/XMLSchema#anyURI" />
				</ResourceMatch>
			</Resource>
			<Resource>
				<!-- to view the resource collection itself-->
				<ResourceMatch MatchId="urn:oasis:names:tc:xacml:1.0:function:anyURI-equal">
					<AttributeValue DataType="http://www.w3.org/2001/XMLSchema#anyURI">/demo:demoObjectCollection</AttributeValue>
					<ResourceAttributeDesignator AttributeId="urn:oasis:names:tc:xacml:1.0:resource:resource-id" DataType="http://www.w3.org/2001/XMLSchema#anyURI" />
				</ResourceMatch>
			</Resource>
		</Resources>
		<Actions>
			<Action>
				<ActionMatch MatchId="urn:oasis:names:tc:xacml:1.0:function:string-equal">
					<AttributeValue DataType="http://www.w3.org/2001/XMLSchema#string">urn:fedora:names:fedora:2.1:action:api-a</AttributeValue>
					<ActionAttributeDesignator AttributeId="urn:fedora:names:fedora:2.1:action:api" DataType="http://www.w3.org/2001/XMLSchema#string" />
				</ActionMatch>
			</Action>
			<Action>
				<ActionMatch MatchId="urn:oasis:names:tc:xacml:1.0:function:string-equal">
					<AttributeValue DataType="http://www.w3.org/2001/XMLSchema#string">read</AttributeValue>
					<ActionAttributeDesignator AttributeId="urn:fedora:names:fedora:2.1:action:id" DataType="http://www.w3.org/2001/XMLSchema#string" />
				</ActionMatch>
			</Action>
		</Actions>
	</Target>
	<Rule Effect="Permit" RuleId="au:edu:mq:melcoe:ramp:fedora:xacml:2.0:rule:generic-permit"/>
</Policy>
