<?xml version="1.0" encoding="UTF-8"?>
<feed xmlns="http://www.w3.org/2005/Atom">
  <id>info:fedora/demo:14</id>
  <title type="text">Data Object for Document Transform Demo</title>
  <updated>2008-07-02T05:09:42.015Z</updated>
  <author>
    <name>fedoraAdmin</name>
  </author>
  <category scheme="info:fedora/fedora-system:def/model#state" term="Active"/>
  <category scheme="info:fedora/fedora-system:def/model#createdDate" term="2008-07-02T05:09:42.015Z"/>
  <icon>http://www.fedora-commons.org/images/logo_vertical_transparent_200_251.png</icon>
  <entry>
    <id>info:fedora/demo:14/DC</id>
    <title type="text">DC</title>
    <updated>2008-07-02T05:09:42.484Z</updated>
    <link href="info:fedora/demo:14/DC/2008-07-02T05:09:42.484Z" rel="alternate"/>
    <category scheme="info:fedora/fedora-system:def/model#state" term="A"/>
    <category scheme="info:fedora/fedora-system:def/model#controlGroup" term="X"/>
    <category scheme="info:fedora/fedora-system:def/model#versionable" term="true"/>
  </entry>
  <entry xmlns:thr="http://purl.org/syndication/thread/1.0">
    <id>info:fedora/demo:14/DC/2008-07-02T05:09:42.484Z</id>
    <title type="text">DC1.0</title>
    <updated>2008-07-02T05:09:42.484Z</updated>
    <thr:in-reply-to ref="info:fedora/demo:14/DC"/>
    <category scheme="info:fedora/fedora-system:def/model#formatURI" term="http://www.openarchives.org/OAI/2.0/oai_dc/"/>
    <category scheme="info:fedora/fedora-system:def/model#label" term="Dublin Core Record for this object"/>
    <content type="text/xml">
      <oai_dc:dc xmlns:dc="http://purl.org/dc/elements/1.1/" xmlns:oai_dc="http://www.openarchives.org/OAI/2.0/oai_dc/">
        <dc:title>Web Service Definition for the Fedora Access Service</dc:title>
        <dc:creator>Sandy Payette</dc:creator>
        <dc:subject>Fedora</dc:subject>
        <dc:subject>documentation</dc:subject>
        <dc:subject>web service</dc:subject>
        <dc:subject>Web Services Description Language (WSDL)</dc:subject>
        <dc:description>This object contains a WSDL description of the Fedora Access web service which can be viewed in two document formats.</dc:description>
        <dc:identifier>demo:14</dc:identifier>
        <dc:relation>http://www.fedora.info</dc:relation>
        <dc:rights>unrestricted</dc:rights>
      </oai_dc:dc>
    </content>
  </entry>
  <entry>
    <id>info:fedora/demo:14/RELS-EXT</id>
    <title type="text">RELS-EXT</title>
    <updated>2008-07-02T05:09:42.484Z</updated>
    <link href="info:fedora/demo:14/RELS-EXT/2008-07-02T05:09:42.484Z" rel="alternate"/>
    <category scheme="info:fedora/fedora-system:def/model#state" term="A"/>
    <category scheme="info:fedora/fedora-system:def/model#controlGroup" term="X"/>
    <category scheme="info:fedora/fedora-system:def/model#versionable" term="true"/>
  </entry>
  <entry xmlns:thr="http://purl.org/syndication/thread/1.0">
    <id>info:fedora/demo:14/RELS-EXT/2008-07-02T05:09:42.484Z</id>
    <title type="text">RELS-EXT.0</title>
    <updated>2008-07-02T05:09:42.484Z</updated>
    <thr:in-reply-to ref="info:fedora/demo:14/RELS-EXT"/>
    <category scheme="info:fedora/fedora-system:def/model#formatURI" term="info:fedora/fedora-system:FedoraRELSExt-1.0"/>
    <category scheme="info:fedora/fedora-system:def/model#label" term="RDF Statements about this object"/>
    <content type="application/rdf+xml">
      <rdf:RDF xmlns:fedora-model="info:fedora/fedora-system:def/model#" xmlns:rdf="http://www.w3.org/1999/02/22-rdf-syntax-ns#">
        <rdf:Description rdf:about="info:fedora/demo:14">
          <fedora-model:hasModel rdf:resource="info:fedora/demo:XML_TO_HTMLDOC"/>
        </rdf:Description>
      </rdf:RDF>
    </content>
  </entry>
  <entry>
    <id>info:fedora/demo:14/XML_SOURCE</id>
    <title type="text">XML_SOURCE</title>
    <updated>2008-07-02T05:09:42.484Z</updated>
    <link href="info:fedora/demo:14/XML_SOURCE/2008-07-02T05:09:42.484Z" rel="alternate"/>
    <category scheme="info:fedora/fedora-system:def/model#state" term="A"/>
    <category scheme="info:fedora/fedora-system:def/model#controlGroup" term="E"/>
    <category scheme="info:fedora/fedora-system:def/model#versionable" term="true"/>
  </entry>
  <entry xmlns:thr="http://purl.org/syndication/thread/1.0">
    <id>info:fedora/demo:14/XML_SOURCE/2008-07-02T05:09:42.484Z</id>
    <title type="text">XML_SOURCE1.0</title>
    <updated>2008-07-02T05:09:42.484Z</updated>
    <thr:in-reply-to ref="info:fedora/demo:14/XML_SOURCE"/>
    <category scheme="info:fedora/fedora-system:def/model#label" term="XML source for Fedora Access Web Service Definition (WSDL)"/>
    <summary type="text">XML_SOURCE1.0</summary>
    <content
      src="http://local.fedora.server/fedora-demo/document-transform-demo/Fedora-API-A.wsdl" type="text/xml"/>
  </entry>
  <entry>
    <id>info:fedora/demo:14/XSL_STYLESHEET1</id>
    <title type="text">XSL_STYLESHEET1</title>
    <updated>2008-07-02T05:09:42.484Z</updated>
    <link href="info:fedora/demo:14/XSL_STYLESHEET1/2008-07-02T05:09:42.484Z" rel="alternate"/>
    <category scheme="info:fedora/fedora-system:def/model#state" term="A"/>
    <category scheme="info:fedora/fedora-system:def/model#controlGroup" term="E"/>
    <category scheme="info:fedora/fedora-system:def/model#versionable" term="true"/>
  </entry>
  <entry xmlns:thr="http://purl.org/syndication/thread/1.0">
    <id>info:fedora/demo:14/XSL_STYLESHEET1/2008-07-02T05:09:42.484Z</id>
    <title type="text">XSL_STYLESHEET1.0</title>
    <updated>2008-07-02T05:09:42.484Z</updated>
    <thr:in-reply-to ref="info:fedora/demo:14/XSL_STYLESHEET1"/>
    <category scheme="info:fedora/fedora-system:def/model#label" term="XSL Stylesheet to transform WSDL to HTML"/>
    <summary type="text">XSL_STYLESHEET1.0</summary>
    <content
      src="http://local.fedora.server/fedora-demo/document-transform-demo/wsdlToAPIDoc.xsl" type="text/xml"/>
  </entry>
  <entry>
    <id>info:fedora/demo:14/XSL_STYLESHEET2</id>
    <title type="text">XSL_STYLESHEET2</title>
    <updated>2008-07-02T05:09:42.484Z</updated>
    <link href="info:fedora/demo:14/XSL_STYLESHEET2/2008-07-02T05:09:42.484Z" rel="alternate"/>
    <category scheme="info:fedora/fedora-system:def/model#state" term="A"/>
    <category scheme="info:fedora/fedora-system:def/model#controlGroup" term="E"/>
    <category scheme="info:fedora/fedora-system:def/model#versionable" term="true"/>
  </entry>
  <entry xmlns:thr="http://purl.org/syndication/thread/1.0">
    <id>info:fedora/demo:14/XSL_STYLESHEET2/2008-07-02T05:09:42.484Z</id>
    <title type="text">XSL_STYLESHEET2.0</title>
    <updated>2008-07-02T05:09:42.484Z</updated>
    <thr:in-reply-to ref="info:fedora/demo:14/XSL_STYLESHEET2"/>
    <category scheme="info:fedora/fedora-system:def/model#label" term="Alt. XSL Stylesheet to transform WSDL to HTML"/>
    <summary type="text">XSL_STYLESHEET2.0</summary>
    <content
      src="http://local.fedora.server/fedora-demo/document-transform-demo/wsdlToSummaryTbl.xsl" type="text/xml"/>
  </entry>
</feed>
