<?xml version="1.0" encoding="UTF-8"?>
<feed xmlns="http://www.w3.org/2005/Atom">
  <id>info:fedora/demo:12</id>
  <title type="text">Service Definition Object for Document Transform Demo</title>
  <updated>2008-07-02T05:09:42.015Z</updated>
  <author>
    <name>fedoraAdmin</name>
  </author>
  <category scheme="info:fedora/fedora-system:def/model#state" term="Active"/>
  <category scheme="info:fedora/fedora-system:def/model#createdDate" term="2008-07-02T05:09:42.015Z"/>
  <icon>http://www.fedora-commons.org/images/logo_vertical_transparent_200_251.png</icon>
  <entry>
    <id>info:fedora/demo:12/DC</id>
    <title type="text">DC</title>
    <updated>2008-07-02T05:09:42.515Z</updated>
    <link href="info:fedora/demo:12/DC/2008-07-02T05:09:42.515Z" rel="alternate"/>
    <category scheme="info:fedora/fedora-system:def/model#state" term="A"/>
    <category scheme="info:fedora/fedora-system:def/model#controlGroup" term="X"/>
    <category scheme="info:fedora/fedora-system:def/model#versionable" term="true"/>
  </entry>
  <entry xmlns:thr="http://purl.org/syndication/thread/1.0">
    <id>info:fedora/demo:12/DC/2008-07-02T05:09:42.515Z</id>
    <title type="text">DC1.0</title>
    <updated>2008-07-02T05:09:42.515Z</updated>
    <thr:in-reply-to ref="info:fedora/demo:12/DC"/>
    <category scheme="info:fedora/fedora-system:def/model#formatURI" term="http://www.openarchives.org/OAI/2.0/oai_dc/"/>
    <category scheme="info:fedora/fedora-system:def/model#label" term="Dublin Core Record for this object"/>
    <content type="text/xml">
      <oai_dc:dc xmlns:dc="http://purl.org/dc/elements/1.1/" xmlns:oai_dc="http://www.openarchives.org/OAI/2.0/oai_dc/">
        <dc:title>Service Definition Object for Document Transform Demo</dc:title>
        <dc:identifier>demo:12</dc:identifier>
      </oai_dc:dc>
    </content>
  </entry>
  <entry>
    <id>info:fedora/demo:12/RELS-EXT</id>
    <title type="text">RELS-EXT</title>
    <updated>2008-07-02T05:09:42.578Z</updated>
    <link href="info:fedora/demo:12/RELS-EXT/2008-07-02T05:09:42.578Z" rel="alternate"/>
    <category scheme="info:fedora/fedora-system:def/model#state" term="A"/>
    <category scheme="info:fedora/fedora-system:def/model#controlGroup" term="X"/>
    <category scheme="info:fedora/fedora-system:def/model#versionable" term="true"/>
  </entry>
  <entry xmlns:thr="http://purl.org/syndication/thread/1.0">
    <id>info:fedora/demo:12/RELS-EXT/2008-07-02T05:09:42.578Z</id>
    <title type="text">RELS-EXT1.0</title>
    <updated>2008-07-02T05:09:42.578Z</updated>
    <thr:in-reply-to ref="info:fedora/demo:12/RELS-EXT"/>
    <category scheme="info:fedora/fedora-system:def/model#formatURI" term="info:fedora/fedora-system:FedoraRELSExt-1.0"/>
    <category scheme="info:fedora/fedora-system:def/model#label" term="RDF Statements about this object"/>
    <content type="application/rdf+xml">
      <rdf:RDF xmlns:fedora-model="info:fedora/fedora-system:def/model#" xmlns:rdf="http://www.w3.org/1999/02/22-rdf-syntax-ns#">
        <rdf:Description rdf:about="info:fedora/demo:12">
          <fedora-model:hasModel rdf:resource="info:fedora/fedora-system:ServiceDefinition-3.0"/>
        </rdf:Description>
      </rdf:RDF>
    </content>
  </entry>
  <entry>
    <id>info:fedora/demo:12/METHODMAP</id>
    <title type="text">METHODMAP</title>
    <updated>2008-07-02T05:09:42.515Z</updated>
    <link href="info:fedora/demo:12/METHODMAP/2008-07-02T05:09:42.515Z" rel="alternate"/>
    <category scheme="info:fedora/fedora-system:def/model#state" term="A"/>
    <category scheme="info:fedora/fedora-system:def/model#controlGroup" term="X"/>
    <category scheme="info:fedora/fedora-system:def/model#versionable" term="true"/>
  </entry>
  <entry xmlns:thr="http://purl.org/syndication/thread/1.0">
    <id>info:fedora/demo:12/METHODMAP/2008-07-02T05:09:42.515Z</id>
    <title type="text">METHODMAP1.0</title>
    <updated>2008-07-02T05:09:42.515Z</updated>
    <thr:in-reply-to ref="info:fedora/demo:12/METHODMAP"/>
    <category scheme="info:fedora/fedora-system:def/model#formatURI" term="info:fedora/fedora-system:FedoraSDefMethodMap-1.0"/>
    <category scheme="info:fedora/fedora-system:def/model#label" term="Abstract Method Map"/>
    <content type="text/xml">
      <fmm:MethodMap name="Fedora MethodMap for NSDL Exhibit (Style 1)" xmlns:fmm="http://fedora.comm.nsdlib.org/service/methodmap">
        <fmm:Method operationName="getDocumentStyle1"/>
        <fmm:Method operationName="getDocumentStyle2"/>
      </fmm:MethodMap>
    </content>
  </entry>
</feed>
