<?xml version="1.0" encoding="UTF-8"?>
<feed xmlns="http://www.w3.org/2005/Atom">
  <id>info:fedora/demo:13</id>
  <title type="text">Service Deployment Object for Document Transform Demo</title>
  <updated>2008-07-02T05:09:42.015Z</updated>
  <author>
    <name>fedoraAdmin</name>
  </author>
  <category scheme="info:fedora/fedora-system:def/model#state" term="Active"/>
  <category scheme="info:fedora/fedora-system:def/model#createdDate" term="2008-07-02T05:09:42.015Z"/>
  <icon>http://www.fedora-commons.org/images/logo_vertical_transparent_200_251.png</icon>
  <entry>
    <id>info:fedora/demo:13/DC</id>
    <title type="text">DC</title>
    <updated>2008-07-02T05:09:42.609Z</updated>
    <link href="info:fedora/demo:13/DC/2008-07-02T05:09:42.609Z" rel="alternate"/>
    <category scheme="info:fedora/fedora-system:def/model#state" term="A"/>
    <category scheme="info:fedora/fedora-system:def/model#controlGroup" term="X"/>
    <category scheme="info:fedora/fedora-system:def/model#versionable" term="true"/>
  </entry>
  <entry xmlns:thr="http://purl.org/syndication/thread/1.0">
    <id>info:fedora/demo:13/DC/2008-07-02T05:09:42.609Z</id>
    <title type="text">DC1.0</title>
    <updated>2008-07-02T05:09:42.609Z</updated>
    <thr:in-reply-to ref="info:fedora/demo:13/DC"/>
    <category scheme="info:fedora/fedora-system:def/model#formatURI" term="http://www.openarchives.org/OAI/2.0/oai_dc/"/>
    <category scheme="info:fedora/fedora-system:def/model#label" term="Dublin Core Record for this object"/>
    <content type="text/xml">
      <oai_dc:dc xmlns:dc="http://purl.org/dc/elements/1.1/" xmlns:oai_dc="http://www.openarchives.org/OAI/2.0/oai_dc/">
        <dc:title>Service Deployment Object for Document Transform Demo</dc:title>
        <dc:identifier>demo:13</dc:identifier>
      </oai_dc:dc>
    </content>
  </entry>
  <entry>
    <id>info:fedora/demo:13/RELS-EXT</id>
    <title type="text">RELS-EXT</title>
    <updated>2008-07-02T05:09:42.609Z</updated>
    <link href="info:fedora/demo:13/RELS-EXT/2008-07-02T05:09:42.609Z" rel="alternate"/>
    <category scheme="info:fedora/fedora-system:def/model#state" term="A"/>
    <category scheme="info:fedora/fedora-system:def/model#controlGroup" term="X"/>
    <category scheme="info:fedora/fedora-system:def/model#versionable" term="true"/>
  </entry>
  <entry xmlns:thr="http://purl.org/syndication/thread/1.0">
    <id>info:fedora/demo:13/RELS-EXT/2008-07-02T05:09:42.609Z</id>
    <title type="text">RELS-EXT1.0</title>
    <updated>2008-07-02T05:09:42.609Z</updated>
    <thr:in-reply-to ref="info:fedora/demo:13/RELS-EXT"/>
    <category scheme="info:fedora/fedora-system:def/model#formatURI" term="info:fedora/fedora-system:FedoraRELSExt-1.0"/>
    <category scheme="info:fedora/fedora-system:def/model#label" term="RDF Statements about this object"/>
    <content type="application/rdf+xml">
      <rdf:RDF xmlns:fedora-model="info:fedora/fedora-system:def/model#" xmlns:rdf="http://www.w3.org/1999/02/22-rdf-syntax-ns#">
        <rdf:Description rdf:about="info:fedora/demo:13">
          <fedora-model:hasModel rdf:resource="info:fedora/fedora-system:ServiceDeployment-3.0"/>
          <fedora-model:isDeploymentOf rdf:resource="info:fedora/demo:12"/>
          <fedora-model:isContractorOf rdf:resource="info:fedora/demo:XML_TO_HTMLDOC"/>
        </rdf:Description>
      </rdf:RDF>
    </content>
  </entry>
  <entry>
    <id>info:fedora/demo:13/METHODMAP</id>
    <title type="text">METHODMAP</title>
    <updated>2008-07-02T05:09:42.609Z</updated>
    <link href="info:fedora/demo:13/METHODMAP/2008-07-02T05:09:42.609Z" rel="alternate"/>
    <category scheme="info:fedora/fedora-system:def/model#state" term="A"/>
    <category scheme="info:fedora/fedora-system:def/model#controlGroup" term="X"/>
    <category scheme="info:fedora/fedora-system:def/model#versionable" term="true"/>
  </entry>
  <entry xmlns:thr="http://purl.org/syndication/thread/1.0">
    <id>info:fedora/demo:13/METHODMAP/2008-07-02T05:09:42.609Z</id>
    <title type="text">METHODMAP1.0</title>
    <updated>2008-07-02T05:09:42.609Z</updated>
    <thr:in-reply-to ref="info:fedora/demo:13/METHODMAP"/>
    <category scheme="info:fedora/fedora-system:def/model#formatURI" term="info:fedora/fedora-system:FedoraSDepMethodMap-1.1"/>
    <category scheme="info:fedora/fedora-system:def/model#label" term="Deployment Method Map"/>
    <content type="text/xml">
      <fmm:MethodMap name="MethodMap - Document Transform BDEF Methods" xmlns:fmm="http://fedora.comm.nsdlib.org/service/methodmap">
        <fmm:Method operationName="getDocumentStyle1"
          wsdlMsgName="getDocumentStyle1Request" wsdlMsgOutput="xslt_response">
          <fmm:DatastreamInputParm parmName="XML_SOURCE" passBy="URL_REF" required="true"/>
          <fmm:DatastreamInputParm parmName="XSL_STYLESHEET1" passBy="URL_REF" required="true"/>
          <fmm:DefaultInputParm defaultValue="yes" parmName="CLEAR_CACHE"
            passBy="VALUE" required="true"/>
          <fmm:MethodReturnType wsdlMsgName="xslt_response" wsdlMsgTOMIME="text/html"/>
        </fmm:Method>
        <fmm:Method operationName="getDocumentStyle2"
          wsdlMsgName="getDocumentStyle2Request" wsdlMsgOutput="xslt_response">
          <fmm:DatastreamInputParm parmName="XML_SOURCE" passBy="URL_REF" required="true"/>
          <fmm:DatastreamInputParm parmName="XSL_STYLESHEET2" passBy="URL_REF" required="true"/>
          <fmm:DefaultInputParm defaultValue="yes" parmName="CLEAR_CACHE"
            passBy="VALUE" required="true"/>
          <fmm:MethodReturnType wsdlMsgName="xslt_response" wsdlMsgTOMIME="text/html"/>
        </fmm:Method>
      </fmm:MethodMap>
    </content>
  </entry>
  <entry>
    <id>info:fedora/demo:13/DSINPUTSPEC</id>
    <title type="text">DSINPUTSPEC</title>
    <updated>2008-07-02T05:09:42.609Z</updated>
    <link href="info:fedora/demo:13/DSINPUTSPEC/2008-07-02T05:09:42.609Z" rel="alternate"/>
    <category scheme="info:fedora/fedora-system:def/model#state" term="A"/>
    <category scheme="info:fedora/fedora-system:def/model#controlGroup" term="X"/>
    <category scheme="info:fedora/fedora-system:def/model#versionable" term="true"/>
  </entry>
  <entry xmlns:thr="http://purl.org/syndication/thread/1.0">
    <id>info:fedora/demo:13/DSINPUTSPEC/2008-07-02T05:09:42.609Z</id>
    <title type="text">DSINPUTSPEC1.0</title>
    <updated>2008-07-02T05:09:42.609Z</updated>
    <thr:in-reply-to ref="info:fedora/demo:13/DSINPUTSPEC"/>
    <category scheme="info:fedora/fedora-system:def/model#formatURI" term="info:fedora/fedora-system:FedoraDSInputSpec-1.1"/>
    <category scheme="info:fedora/fedora-system:def/model#label" term="Datastream Input Specification"/>
    <content type="text/xml">
      <fbs:DSInputSpec
        label="NSDL Exhibit Mapping to the Fedora Local Saxon Service" xmlns:fbs="http://fedora.comm.nsdlib.org/service/bindspec">
        <fbs:DSInput DSMax="1" DSMin="1" DSOrdinality="false" wsdlMsgPartName="XML_SOURCE">
          <fbs:DSInputLabel>XML source file</fbs:DSInputLabel>
          <fbs:DSMIME>text/xml</fbs:DSMIME>
          <fbs:DSInputInstruction>XML source file to be transformed</fbs:DSInputInstruction>
        </fbs:DSInput>
        <fbs:DSInput DSMax="1" DSMin="1" DSOrdinality="false" wsdlMsgPartName="XSL_STYLESHEET1">
          <fbs:DSInputLabel>XSLT Stylesheet 1</fbs:DSInputLabel>
          <fbs:DSMIME>text/xml</fbs:DSMIME>
          <fbs:DSInputInstruction>Stylesheet to produce the transformation output in Style 1
                        </fbs:DSInputInstruction>
        </fbs:DSInput>
        <fbs:DSInput DSMax="1" DSMin="1" DSOrdinality="false" wsdlMsgPartName="XSL_STYLESHEET2">
          <fbs:DSInputLabel>XSLT Stylesheet 2</fbs:DSInputLabel>
          <fbs:DSMIME>text/xml</fbs:DSMIME>
          <fbs:DSInputInstruction>Stylesheet to produce the transformation output in Style 2
                        </fbs:DSInputInstruction>
        </fbs:DSInput>
      </fbs:DSInputSpec>
    </content>
  </entry>
  <entry>
    <id>info:fedora/demo:13/WSDL</id>
    <title type="text">WSDL</title>
    <updated>2008-07-02T05:09:42.609Z</updated>
    <link href="info:fedora/demo:13/WSDL/2008-07-02T05:09:42.609Z" rel="alternate"/>
    <category scheme="info:fedora/fedora-system:def/model#state" term="A"/>
    <category scheme="info:fedora/fedora-system:def/model#controlGroup" term="X"/>
    <category scheme="info:fedora/fedora-system:def/model#versionable" term="true"/>
  </entry>
  <entry xmlns:thr="http://purl.org/syndication/thread/1.0">
    <id>info:fedora/demo:13/WSDL/2008-07-02T05:09:42.609Z</id>
    <title type="text">WSDL1.0</title>
    <updated>2008-07-02T05:09:42.609Z</updated>
    <thr:in-reply-to ref="info:fedora/demo:13/WSDL"/>
    <category scheme="info:fedora/fedora-system:def/model#formatURI" term="http://schemas.xmlsoap.org/wsdl/"/>
    <category scheme="info:fedora/fedora-system:def/model#label" term="WSDL Bindings"/>
    <content type="text/xml">
      <wsdl:definitions name="FedoraLocalSaxonService" targetNamespace="saxon"
        xmlns:http="http://schemas.xmlsoap.org/wsdl/http/"
        xmlns:mime="http://schemas.xmlsoap.org/wsdl/mime/"
        xmlns:soap="http://schemas.xmlsoap.org/wsdl/soap"
        xmlns:soapenc="http://schemas.xmlsoap.org/wsdl/soap/encoding"
        xmlns:this="saxon" xmlns:wsdl="http://schemas.xmlsoap.org/wsdl/" xmlns:xsd="http://www.w3.org/2001/XMLSchema">
        <wsdl:types>
          <xsd:schema targetNamespace="saxon">
            <xsd:simpleType name="URLType">
              <xsd:restriction base="xsd:string"/>
            </xsd:simpleType>
            <xsd:simpleType name="CLEAR_CACHEType">
              <xsd:restriction base="xsd:string">
                <xsd:enumeration value="yes"/>
                <xsd:enumeration value="no"/>
              </xsd:restriction>
            </xsd:simpleType>
          </xsd:schema>
        </wsdl:types>
        <wsdl:message name="getDocumentStyle1Request">
          <wsdl:part name="XML_SOURCE" type="this:URLType"/>
          <wsdl:part name="XSL_STYLESHEET1" type="this:URLType"/>
          <wsdl:part name="CLEAR_CACHE" type="this:CLEAR_CACHEType"/>
        </wsdl:message>
        <wsdl:message name="getDocumentStyle2Request">
          <wsdl:part name="XML_SOURCE" type="this:URLType"/>
          <wsdl:part name="XSL_STYLESHEET2" type="this:URLType"/>
          <wsdl:part name="CLEAR_CACHE" type="this:CLEAR_CACHEType"/>
        </wsdl:message>
        <wsdl:message name="xslt_response">
          <wsdl:part name="exhibit" type="xsd:base64Binary"/>
        </wsdl:message>
        <wsdl:portType name="FedoraSaxonPortType">
          <wsdl:operation name="getDocumentStyle1">
            <wsdl:input message="this:getDocumentStyle1Request"/>
            <wsdl:output message="this:xslt_response"/>
          </wsdl:operation>
          <wsdl:operation name="getDocumentStyle2">
            <wsdl:input message="this:getDocumentStyle2Request"/>
            <wsdl:output message="this:xslt_response"/>
          </wsdl:operation>
        </wsdl:portType>
        <wsdl:service name="FedoraSaxon">
          <wsdl:port binding="this:FedoraSaxon_http" name="FedoraSaxon_port">
            <http:address location="http://local.fedora.server/saxon/"/>
          </wsdl:port>
        </wsdl:service>
        <wsdl:binding name="FedoraSaxon_http" type="this:FedoraSaxonPortType">
          <http:binding verb="GET"/>
          <wsdl:operation name="getDocumentStyle1">
            <http:operation location="SaxonServlet?source=(XML_SOURCE)&amp;style=(XSL_STYLESHEET1)&amp;clear-stylesheet-cache=(CLEAR_CACHE)"/>
            <wsdl:input>
              <http:urlReplacement/>
            </wsdl:input>
            <wsdl:output>
              <mime:content type="text/html"/>
            </wsdl:output>
          </wsdl:operation>
          <wsdl:operation name="getDocumentStyle2">
            <http:operation location="SaxonServlet?source=(XML_SOURCE)&amp;style=(XSL_STYLESHEET2)&amp;clear-stylesheet-cache=(CLEAR_CACHE)"/>
            <wsdl:input>
              <http:urlReplacement/>
            </wsdl:input>
            <wsdl:output>
              <mime:content type="text/html"/>
            </wsdl:output>
          </wsdl:operation>
        </wsdl:binding>
      </wsdl:definitions>
    </content>
  </entry>
</feed>
