<?xml version="1.0" encoding="UTF-8"?>
<beans xmlns="http://www.springframework.org/schema/beans"
    xmlns:xsi="http://www.w3.org/2001/XMLSchema-instance"
    xmlns:context="http://www.springframework.org/schema/context"
    xmlns:util="http://www.springframework.org/schema/util"
    xsi:schemaLocation="http://www.springframework.org/schema/beans 
        http://www.springframework.org/schema/beans/spring-beans-3.0.xsd
        http://www.springframework.org/schema/context 
        http://www.springframework.org/schema/context/spring-context-3.0.xsd
        http://www.springframework.org/schema/util
        http://www.springframework.org/schema/util/spring-util-2.5.xsd">

  <bean id="PolicyCombiningAlgorithm" class="org.fcrepo.server.security.xacml.pdp.HierarchicalLowestChildDenyOverridesPolicyAlg" />

  <bean id="org.fcrepo.server.security.ContextRegistry"
              class="org.fcrepo.server.security.impl.HashtableContextRegistry" />

  <util:set id="policyFinderModules">
    <bean id="GenericPolicyFinderModule"
          class="org.fcrepo.server.security.xacml.pdp.finder.policy.GenericPolicyFinderModule">
          <constructor-arg ref="org.fcrepo.server.security.xacml.pdp.data.PolicyIndex" />
          <constructor-arg ref="PolicyCombiningAlgorithm" />
    </bean>
  </util:set>
  <util:list id="attributeFinderModules">
    <bean id="CurrentEnvModule" class="com.sun.xacml.finder.impl.CurrentEnvModule"/>
    <bean id="SelectorModule" class="com.sun.xacml.finder.impl.SelectorModule"/>
    <ref bean="FedoraRIAttributeFinder" />
    <bean id="org.fcrepo.server.security.ContextAttributeFinderModule"
        class="org.fcrepo.server.security.ContextAttributeFinderModule">
      <constructor-arg><ref bean="org.fcrepo.server.security.ContextRegistry" /></constructor-arg>
    </bean>
  </util:list>
  <util:list id="resourceFinderModules">
  </util:list>
  <bean id="PDPConfigurationFactory" class="org.fcrepo.server.security.PDPConfigurationFactory" />
  
  <bean id="MelcoePDPConfig" factory-bean="PDPConfigurationFactory" factory-method="getPDPConfig">
    <constructor-arg ref="attributeFinderModules" />
    <constructor-arg ref="policyFinderModules" />
    <constructor-arg ref="resourceFinderModules" />
  </bean>
  
    <!-- Melcoe PDP -->
  <bean id="MelcoePDP" class="org.fcrepo.server.security.xacml.pdp.MelcoePDPImpl">
    <constructor-arg ref="MelcoePDPConfig" />
  </bean>
  
</beans>
