<?xml version="1.0"  encoding="ISO-8859-1"?>
<!DOCTYPE Configure PUBLIC "-//Mort Bay Consulting//DTD Configure//EN" "http://jetty.mortbay.org/configure.dtd">
<Configure class="org.mortbay.jetty.webapp.WebAppContext">
  <Set name="contextPath">/fedora</Set>
  <Set name="war"><SystemProperty name="jetty.home" default="."/>/webapps/fedora.war</Set>
  <Set name="initParams">
    <Map>
      <Entry>
        <Item>fedora.home</Item>
        <Item><SystemProperty name="jetty.home" default="."/>/fedora/default</Item>
      </Entry>
    </Map>
  </Set>
</Configure>
