<?xml version="1.0" encoding="UTF-8"?>
<METS:mets EXT_VERSION="1.1"
  LABEL="Data Object (Smiley Short Round Cup) for Image Collection Demo"
  OBJID="demo:SmileyShortRoundCup" xmlns:METS="http://www.loc.gov/METS/"
  xmlns:xlink="http://www.w3.org/1999/xlink"
  xmlns:xsi="http://www.w3.org/2001/XMLSchema-instance" xsi:schemaLocation="http://www.loc.gov/METS/ http://www.fedora.info/definitions/1/0/mets-fedora-ext1-1.xsd">
  <METS:metsHdr CREATEDATE="2008-07-02T05:09:42.015Z"
    LASTMODDATE="2008-07-02T05:09:42.015Z" RECORDSTATUS="Active">
    <METS:agent ROLE="IPOWNER">
      <METS:name>fedoraAdmin</METS:name>
    </METS:agent>
  </METS:metsHdr>
  <METS:amdSec ID="DC" STATUS="A" VERSIONABLE="true">
    <METS:techMD CREATED="2008-07-02T05:09:43.046Z" ID="DC.1">
      <METS:mdWrap FORMAT_URI="http://www.openarchives.org/OAI/2.0/oai_dc/"
        LABEL="Dublin Core Record for this object" MDTYPE="OTHER"
        MIMETYPE="text/xml" OTHERMDTYPE="UNSPECIFIED">
        <METS:xmlData>
          <oai_dc:dc xmlns:dc="http://purl.org/dc/elements/1.1/" xmlns:oai_dc="http://www.openarchives.org/OAI/2.0/oai_dc/">
            <dc:title>Smiley Short Round Cup</dc:title>
            <dc:description>It's round.  It's a cup.  It's amazing!</dc:description>
            <dc:identifier>demo:SmileyShortRoundCup</dc:identifier>
          </oai_dc:dc>
        </METS:xmlData>
      </METS:mdWrap>
    </METS:techMD>
  </METS:amdSec>
  <METS:amdSec ID="RELS-EXT" STATUS="A" VERSIONABLE="true">
    <METS:techMD CREATED="2008-07-02T05:09:43.046Z" ID="RELS-EXT.0">
      <METS:mdWrap FORMAT_URI="info:fedora/fedora-system:FedoraRELSExt-1.0"
        LABEL="RDF Statements about this object" MDTYPE="OTHER"
        MIMETYPE="application/rdf+xml" OTHERMDTYPE="UNSPECIFIED">
        <METS:xmlData>
          <rdf:RDF xmlns:fedora-model="info:fedora/fedora-system:def/model#"
            xmlns:rdf="http://www.w3.org/1999/02/22-rdf-syntax-ns#" xmlns:rel="info:fedora/fedora-system:def/relations-external#">
            <rdf:Description rdf:about="info:fedora/demo:SmileyShortRoundCup">
              <rel:isMemberOf rdf:resource="info:fedora/demo:SmileyStuff"/>
              <fedora-model:hasModel rdf:resource="info:fedora/demo:DualResImage"/>
            </rdf:Description>
          </rdf:RDF>
        </METS:xmlData>
      </METS:mdWrap>
    </METS:techMD>
  </METS:amdSec>
  <METS:fileSec>
    <METS:fileGrp ID="DATASTREAMS">
      <METS:fileGrp ID="MEDIUM_SIZE" STATUS="A" VERSIONABLE="true">
        <METS:file CREATED="2008-07-02T05:09:43.046Z" ID="MediumSize.jpg.0"
          MIMETYPE="image/jpeg" OWNERID="E">
          <METS:FLocat LOCTYPE="URL"
            xlink:href="http://local.fedora.server/fedora-demo/image-collection-demo/SmileyShortRoundCup-MediumSize.jpg" xlink:title="Medium-size image"/>
        </METS:file>
      </METS:fileGrp>
      <METS:fileGrp ID="FULL_SIZE" STATUS="A" VERSIONABLE="true">
        <METS:file CREATED="2008-07-02T05:09:43.046Z" ID="FullSize.jpg.0"
          MIMETYPE="image/jpeg" OWNERID="E">
          <METS:FLocat LOCTYPE="URL"
            xlink:href="http://local.fedora.server/fedora-demo/image-collection-demo/SmileyShortRoundCup-FullSize.jpg" xlink:title="Full-size image"/>
        </METS:file>
      </METS:fileGrp>
    </METS:fileGrp>
  </METS:fileSec>
</METS:mets>
