<?xml version="1.0" encoding="UTF-8"?>
<METS:mets EXT_VERSION="1.1"
  LABEL="Data Object (Collection) for Image Collection Demo"
  OBJID="demo:SmileyStuff" xmlns:METS="http://www.loc.gov/METS/"
  xmlns:xlink="http://www.w3.org/1999/xlink"
  xmlns:xsi="http://www.w3.org/2001/XMLSchema-instance" xsi:schemaLocation="http://www.loc.gov/METS/ http://www.fedora.info/definitions/1/0/mets-fedora-ext1-1.xsd">
  <METS:metsHdr CREATEDATE="2008-07-02T05:09:42.015Z"
    LASTMODDATE="2008-07-02T05:09:42.015Z" RECORDSTATUS="Active">
    <METS:agent ROLE="IPOWNER">
      <METS:name>fedoraAdmin</METS:name>
    </METS:agent>
  </METS:metsHdr>
  <METS:amdSec ID="DC" STATUS="A" VERSIONABLE="true">
    <METS:techMD CREATED="2008-07-02T05:09:43.062Z" ID="DC1.0">
      <METS:mdWrap FORMAT_URI="http://www.openarchives.org/OAI/2.0/oai_dc/"
        LABEL="Dublin Core Record for this object" MDTYPE="OTHER"
        MIMETYPE="text/xml" OTHERMDTYPE="UNSPECIFIED">
        <METS:xmlData>
          <oai_dc:dc xmlns:dc="http://purl.org/dc/elements/1.1/" xmlns:oai_dc="http://www.openarchives.org/OAI/2.0/oai_dc/">
            <dc:title>Collection of Smiley Stuff</dc:title>
            <dc:description>This is Deb's collection of smiley stuff.</dc:description>
            <dc:identifier>demo:SmileyStuff</dc:identifier>
          </oai_dc:dc>
        </METS:xmlData>
      </METS:mdWrap>
    </METS:techMD>
  </METS:amdSec>
  <METS:amdSec ID="RELS-EXT" STATUS="A" VERSIONABLE="true">
    <METS:techMD CREATED="2008-07-02T05:09:43.062Z" ID="RELS-EXT.0">
      <METS:mdWrap FORMAT_URI="info:fedora/fedora-system:FedoraRELSExt-1.0"
        LABEL="RDF Statements about this object" MDTYPE="OTHER"
        MIMETYPE="application/rdf+xml" OTHERMDTYPE="UNSPECIFIED">
        <METS:xmlData>
          <rdf:RDF xmlns:fedora-model="info:fedora/fedora-system:def/model#" xmlns:rdf="http://www.w3.org/1999/02/22-rdf-syntax-ns#">
            <rdf:Description rdf:about="info:fedora/demo:SmileyStuff">
              <fedora-model:hasModel rdf:resource="info:fedora/demo:DualResImageCollection"/>
            </rdf:Description>
          </rdf:RDF>
        </METS:xmlData>
      </METS:mdWrap>
    </METS:techMD>
  </METS:amdSec>
  <METS:fileSec>
    <METS:fileGrp ID="DATASTREAMS">
      <METS:fileGrp ID="QUERY" STATUS="A" VERSIONABLE="true">
        <METS:file CREATED="2008-07-02T05:09:43.062Z" ID="QUERY.0"
          MIMETYPE="text/plain" OWNERID="E">
          <METS:FLocat LOCTYPE="URL"
            xlink:href="http://local.fedora.server/fedora-demo/image-collection-demo/SmileyStuff-MemberQuery.txt" xlink:title="RDF Query to list members"/>
        </METS:file>
      </METS:fileGrp>
      <METS:fileGrp ID="XSLT" STATUS="A" VERSIONABLE="true">
        <METS:file CREATED="2008-07-02T05:09:43.062Z" ID="XSLT.0"
          MIMETYPE="text/xml" OWNERID="E">
          <METS:FLocat LOCTYPE="URL"
            xlink:href="http://local.fedora.server/fedora-demo/image-collection-demo/SmileyStuff-ViewStylesheet.xsl" xlink:title="Stylesheet to view list dissemination as html"/>
        </METS:file>
      </METS:fileGrp>
      <METS:fileGrp ID="LIST" STATUS="A" VERSIONABLE="true">
        <METS:file CREATED="2008-07-02T05:09:43.062Z" ID="LIST.0"
          MIMETYPE="text/xml" OWNERID="E">
          <METS:FLocat LOCTYPE="URL"
            xlink:href="http://local.fedora.server/fedora/get/demo:SmileyStuff/demo:Collection/list" xlink:title="Result of list dissemination"/>
        </METS:file>
      </METS:fileGrp>
    </METS:fileGrp>
  </METS:fileSec>
</METS:mets>
