<?xml version="1.0" encoding="UTF-8"?>
<feed xmlns="http://www.w3.org/2005/Atom">
  <id>info:fedora/demo:2</id>
  <title type="text">Service Deployment Object for Local Simple Image Demo</title>
  <updated>2008-07-02T05:09:42.015Z</updated>
  <author>
    <name>fedoraAdmin</name>
  </author>
  <category scheme="info:fedora/fedora-system:def/model#state" term="Active"/>
  <category scheme="info:fedora/fedora-system:def/model#createdDate" term="2008-07-02T05:09:42.015Z"/>
  <icon>http://www.fedora-commons.org/images/logo_vertical_transparent_200_251.png</icon>
  <entry>
    <id>info:fedora/demo:2/DC</id>
    <title type="text">DC</title>
    <updated>2008-07-02T05:09:43.406Z</updated>
    <link href="info:fedora/demo:2/DC/2008-07-02T05:09:43.406Z" rel="alternate"/>
    <category scheme="info:fedora/fedora-system:def/model#state" term="A"/>
    <category scheme="info:fedora/fedora-system:def/model#controlGroup" term="X"/>
    <category scheme="info:fedora/fedora-system:def/model#versionable" term="true"/>
  </entry>
  <entry xmlns:thr="http://purl.org/syndication/thread/1.0">
    <id>info:fedora/demo:2/DC/2008-07-02T05:09:43.406Z</id>
    <title type="text">DC1.0</title>
    <updated>2008-07-02T05:09:43.406Z</updated>
    <thr:in-reply-to ref="info:fedora/demo:2/DC"/>
    <category scheme="info:fedora/fedora-system:def/model#formatURI" term="http://www.openarchives.org/OAI/2.0/oai_dc/"/>
    <category scheme="info:fedora/fedora-system:def/model#label" term="Dublin Core Record for this object"/>
    <content type="text/xml">
      <oai_dc:dc xmlns:dc="http://purl.org/dc/elements/1.1/" xmlns:oai_dc="http://www.openarchives.org/OAI/2.0/oai_dc/">
        <dc:title>Service Deployment Object for Local Simple Image Demo</dc:title>
        <dc:identifier>demo:2</dc:identifier>
      </oai_dc:dc>
    </content>
  </entry>
  <entry>
    <id>info:fedora/demo:2/RELS-EXT</id>
    <title type="text">RELS-EXT</title>
    <updated>2008-07-02T05:09:43.406Z</updated>
    <link href="info:fedora/demo:2/RELS-EXT/2008-07-02T05:09:43.406Z" rel="alternate"/>
    <category scheme="info:fedora/fedora-system:def/model#state" term="A"/>
    <category scheme="info:fedora/fedora-system:def/model#controlGroup" term="X"/>
    <category scheme="info:fedora/fedora-system:def/model#versionable" term="true"/>
  </entry>
  <entry xmlns:thr="http://purl.org/syndication/thread/1.0">
    <id>info:fedora/demo:2/RELS-EXT/2008-07-02T05:09:43.406Z</id>
    <title type="text">RELS-EXT1.0</title>
    <updated>2008-07-02T05:09:43.406Z</updated>
    <thr:in-reply-to ref="info:fedora/demo:2/RELS-EXT"/>
    <category scheme="info:fedora/fedora-system:def/model#formatURI" term="info:fedora/fedora-system:FedoraRELSExt-1.0"/>
    <category scheme="info:fedora/fedora-system:def/model#label" term="RDF Statements about this object"/>
    <content type="application/rdf+xml">
      <rdf:RDF xmlns:fedora-model="info:fedora/fedora-system:def/model#" xmlns:rdf="http://www.w3.org/1999/02/22-rdf-syntax-ns#">
        <rdf:Description rdf:about="info:fedora/demo:2">
          <fedora-model:hasModel rdf:resource="info:fedora/fedora-system:ServiceDeployment-3.0"/>
          <fedora-model:isDeploymentOf rdf:resource="info:fedora/demo:1"/>
          <fedora-model:isContractorOf rdf:resource="info:fedora/demo:UVA_STD_IMAGE_1"/>
        </rdf:Description>
      </rdf:RDF>
    </content>
  </entry>
  <entry>
    <id>info:fedora/demo:2/METHODMAP</id>
    <title type="text">METHODMAP</title>
    <updated>2008-07-02T05:09:43.406Z</updated>
    <link href="info:fedora/demo:2/METHODMAP/2008-07-02T05:09:43.406Z" rel="alternate"/>
    <category scheme="info:fedora/fedora-system:def/model#state" term="A"/>
    <category scheme="info:fedora/fedora-system:def/model#controlGroup" term="X"/>
    <category scheme="info:fedora/fedora-system:def/model#versionable" term="true"/>
  </entry>
  <entry xmlns:thr="http://purl.org/syndication/thread/1.0">
    <id>info:fedora/demo:2/METHODMAP/2008-07-02T05:09:43.406Z</id>
    <title type="text">METHODMAP1.0</title>
    <updated>2008-07-02T05:09:43.406Z</updated>
    <thr:in-reply-to ref="info:fedora/demo:2/METHODMAP"/>
    <category scheme="info:fedora/fedora-system:def/model#formatURI" term="info:fedora/fedora-system:FedoraSDepMethodMap-1.1"/>
    <category scheme="info:fedora/fedora-system:def/model#label" term="Deployment Method Map"/>
    <content type="text/xml">
      <fmm:MethodMap
        name="MethodMap - Fedora HTTP Image Getter BMech for UVA Simple Image BDEF" xmlns:fmm="http://fedora.comm.nsdlib.org/service/methodmap">
        <fmm:Method operationName="getThumbnail" wsdlMsgName="getThumbRequest" wsdlMsgOutput="image_response">
          <fmm:DatastreamInputParm parmName="THUMBRES_IMG" passBy="URL_REF" required="true"/>
          <fmm:MethodReturnType wsdlMsgName="image_response" wsdlMsgTOMIME="image/jpeg"/>
        </fmm:Method>
        <fmm:Method operationName="getMedium" wsdlMsgName="getMedRequest" wsdlMsgOutput="image_response">
          <fmm:DatastreamInputParm parmName="MEDRES_IMG" passBy="URL_REF" required="true"/>
          <fmm:MethodReturnType wsdlMsgName="image_response" wsdlMsgTOMIME="image/jpeg"/>
        </fmm:Method>
        <fmm:Method operationName="getHigh" wsdlMsgName="getHighRequest" wsdlMsgOutput="image_response">
          <fmm:DatastreamInputParm parmName="HIGHRES_IMG" passBy="URL_REF" required="true"/>
          <fmm:MethodReturnType wsdlMsgName="image_response" wsdlMsgTOMIME="image/jpeg"/>
        </fmm:Method>
        <fmm:Method operationName="getVeryHigh" wsdlMsgName="getVeryHighRequest" wsdlMsgOutput="image_response">
          <fmm:DatastreamInputParm parmName="VERYHIGHRES_IMG" passBy="URL_REF" required="true"/>
          <fmm:MethodReturnType wsdlMsgName="image_response" wsdlMsgTOMIME="image/jpeg"/>
        </fmm:Method>
      </fmm:MethodMap>
    </content>
  </entry>
  <entry>
    <id>info:fedora/demo:2/DSINPUTSPEC</id>
    <title type="text">DSINPUTSPEC</title>
    <updated>2008-07-02T05:09:43.406Z</updated>
    <link href="info:fedora/demo:2/DSINPUTSPEC/2008-07-02T05:09:43.406Z" rel="alternate"/>
    <category scheme="info:fedora/fedora-system:def/model#state" term="A"/>
    <category scheme="info:fedora/fedora-system:def/model#controlGroup" term="X"/>
    <category scheme="info:fedora/fedora-system:def/model#versionable" term="true"/>
  </entry>
  <entry xmlns:thr="http://purl.org/syndication/thread/1.0">
    <id>info:fedora/demo:2/DSINPUTSPEC/2008-07-02T05:09:43.406Z</id>
    <title type="text">DSINPUTSPEC1.0</title>
    <updated>2008-07-02T05:09:43.406Z</updated>
    <thr:in-reply-to ref="info:fedora/demo:2/DSINPUTSPEC"/>
    <category scheme="info:fedora/fedora-system:def/model#formatURI" term="info:fedora/fedora-system:FedoraDSInputSpec-1.1"/>
    <category scheme="info:fedora/fedora-system:def/model#label" term="Datastream Input Specification"/>
    <content type="text/xml">
      <fbs:DSInputSpec label="Datastream Input Specification" xmlns:fbs="http://fedora.comm.nsdlib.org/service/bindspec">
        <fbs:DSInput DSMax="1" DSMin="1" DSOrdinality="false" wsdlMsgPartName="THUMBRES_IMG">
          <fbs:DSInputLabel>thumbnail image</fbs:DSInputLabel>
          <fbs:DSMIME>image/jpeg</fbs:DSMIME>
          <fbs:DSInputInstruction>image of type image/jpeg at 100 dpi</fbs:DSInputInstruction>
        </fbs:DSInput>
        <fbs:DSInput DSMax="1" DSMin="1" DSOrdinality="false" wsdlMsgPartName="MEDRES_IMG">
          <fbs:DSInputLabel>medium resolution image</fbs:DSInputLabel>
          <fbs:DSMIME>image/jpeg</fbs:DSMIME>
          <fbs:DSInputInstruction>image of type image/jpeg at 300 dpi</fbs:DSInputInstruction>
        </fbs:DSInput>
        <fbs:DSInput DSMax="1" DSMin="1" DSOrdinality="false" wsdlMsgPartName="HIGHRES_IMG">
          <fbs:DSInputLabel>high resolution image</fbs:DSInputLabel>
          <fbs:DSMIME>image/jpeg</fbs:DSMIME>
          <fbs:DSInputInstruction>image of type image/jpeg at 600 dpi</fbs:DSInputInstruction>
        </fbs:DSInput>
        <fbs:DSInput DSMax="1" DSMin="1" DSOrdinality="false" wsdlMsgPartName="VERYHIGHRES_IMG">
          <fbs:DSInputLabel>very high resolution image</fbs:DSInputLabel>
          <fbs:DSMIME>image/jpeg</fbs:DSMIME>
          <fbs:DSInputInstruction>image of type image/jpeg at 1200 dpi</fbs:DSInputInstruction>
        </fbs:DSInput>
      </fbs:DSInputSpec>
    </content>
  </entry>
  <entry>
    <id>info:fedora/demo:2/WSDL</id>
    <title type="text">WSDL</title>
    <updated>2008-07-02T05:09:43.406Z</updated>
    <link href="info:fedora/demo:2/WSDL/2008-07-02T05:09:43.406Z" rel="alternate"/>
    <category scheme="info:fedora/fedora-system:def/model#state" term="A"/>
    <category scheme="info:fedora/fedora-system:def/model#controlGroup" term="X"/>
    <category scheme="info:fedora/fedora-system:def/model#versionable" term="true"/>
  </entry>
  <entry xmlns:thr="http://purl.org/syndication/thread/1.0">
    <id>info:fedora/demo:2/WSDL/2008-07-02T05:09:43.406Z</id>
    <title type="text">WSDL1.0</title>
    <updated>2008-07-02T05:09:43.406Z</updated>
    <thr:in-reply-to ref="info:fedora/demo:2/WSDL"/>
    <category scheme="info:fedora/fedora-system:def/model#formatURI" term="http://schemas.xmlsoap.org/wsdl/"/>
    <category scheme="info:fedora/fedora-system:def/model#label" term="WSDL Bindings"/>
    <content type="text/xml">
      <wsdl:definitions name="FedoraHTTPImageGetterService"
        targetNamespace="imgget"
        xmlns:http="http://schemas.xmlsoap.org/wsdl/http/"
        xmlns:mime="http://schemas.xmlsoap.org/wsdl/mime/"
        xmlns:soap="http://schemas.xmlsoap.org/wsdl/soap"
        xmlns:soapenc="http://schemas.xmlsoap.org/wsdl/soap/encoding"
        xmlns:this="imgget" xmlns:wsdl="http://schemas.xmlsoap.org/wsdl/" xmlns:xsd="http://www.w3.org/2001/XMLSchema">
        <wsdl:types>
          <xsd:schema targetNamespace="imgget">
            <xsd:simpleType name="imageURLType">
              <xsd:restriction base="xsd:string"/>
            </xsd:simpleType>
          </xsd:schema>
        </wsdl:types>
        <wsdl:message name="getThumbRequest">
          <wsdl:part name="THUMBRES_IMG" type="this:imageURLType"/>
        </wsdl:message>
        <wsdl:message name="getMedRequest">
          <wsdl:part name="MEDRES_IMG" type="this:imageURLType"/>
        </wsdl:message>
        <wsdl:message name="getHighRequest">
          <wsdl:part name="HIGHRES_IMG" type="this:imageURLType"/>
        </wsdl:message>
        <wsdl:message name="getVeryHighRequest">
          <wsdl:part name="VERYHIGHRES_IMG" type="this:imageURLType"/>
        </wsdl:message>
        <wsdl:message name="image_response">
          <wsdl:part name="image" type="xsd:base64Binary"/>
        </wsdl:message>
        <wsdl:portType name="GetImagePortType">
          <wsdl:operation name="getThumbnail">
            <wsdl:input message="this:getThumbRequest"/>
            <wsdl:output message="this:image_response"/>
          </wsdl:operation>
          <wsdl:operation name="getMedium">
            <wsdl:input message="this:getMedRequest"/>
            <wsdl:output message="this:image_response"/>
          </wsdl:operation>
          <wsdl:operation name="getHigh">
            <wsdl:input message="this:getHighRequest"/>
            <wsdl:output message="this:image_response"/>
          </wsdl:operation>
          <wsdl:operation name="getVeryHigh">
            <wsdl:input message="this:getVeryHighRequest"/>
            <wsdl:output message="this:image_response"/>
          </wsdl:operation>
        </wsdl:portType>
        <wsdl:service name="GetImage">
          <wsdl:port binding="this:GetImage_http" name="GetImage_port">
            <http:address location="LOCAL"/>
          </wsdl:port>
        </wsdl:service>
        <wsdl:binding name="GetImage_http" type="this:GetImagePortType">
          <http:binding verb="GET"/>
          <wsdl:operation name="getThumbnail">
            <http:operation location="(THUMBRES_IMG)"/>
            <wsdl:input>
              <http:urlReplacement/>
            </wsdl:input>
            <wsdl:output>
              <mime:content type="image/jpg"/>
            </wsdl:output>
          </wsdl:operation>
          <wsdl:operation name="getMedium">
            <http:operation location="(MEDRES_IMG)"/>
            <wsdl:input>
              <http:urlReplacement/>
            </wsdl:input>
            <wsdl:output>
              <mime:content type="image/jpg"/>
            </wsdl:output>
          </wsdl:operation>
          <wsdl:operation name="getHigh">
            <http:operation location="(HIGHRES_IMG)"/>
            <wsdl:input>
              <http:urlReplacement/>
            </wsdl:input>
            <wsdl:output>
              <mime:content type="image/jpg"/>
            </wsdl:output>
          </wsdl:operation>
          <wsdl:operation name="getVeryHigh">
            <http:operation location="(VERYHIGHRES_IMG)"/>
            <wsdl:input>
              <http:urlReplacement/>
            </wsdl:input>
            <wsdl:output>
              <mime:content type="image/jpg"/>
            </wsdl:output>
          </wsdl:operation>
        </wsdl:binding>
      </wsdl:definitions>
    </content>
  </entry>
</feed>
