<?xml version="1.0" encoding="UTF-8"?>
<beans xmlns="http://www.springframework.org/schema/beans"
  xmlns:sec="http://www.springframework.org/schema/security"
  xmlns:context="http://www.springframework.org/schema/context"
  xmlns:tx="http://www.springframework.org/schema/tx" xmlns:xsi="http://www.w3.org/2001/XMLSchema-instance"
  xmlns:fedora-types-mtom="http://fedora-commons.org/2011/07/definitions/types/"
  xmlns:fedora-types="http://www.fedora.info/definitions/1/0/types/"
  xmlns:fedora-api-mtom="http://fedora-commons.org/2011/07/definitions/api/"
  xmlns:fedora-api="http://www.fedora.info/definitions/1/0/api/"
  xmlns:soap="http://schemas.xmlsoap.org/wsdl/soap/" xmlns:cxf="http://cxf.apache.org/core"
  xsi:schemaLocation="http://www.springframework.org/schema/beans http://www.springframework.org/schema/beans/spring-beans-3.0.xsd 
           http://www.springframework.org/schema/context http://www.springframework.org/schema/context/spring-context-3.0.xsd">

  <context:annotation-config />
  <bean id="FedoraAPIMImpl" class="org.fcrepo.server.management.FedoraAPIMImpl">
    <constructor-arg ref="org.fcrepo.server.Server"></constructor-arg>
  </bean>
  <bean id="FedoraAPIMMTOMImpl" class="org.fcrepo.server.management.FedoraAPIMMTOMImpl">
    <constructor-arg ref="org.fcrepo.server.Server"></constructor-arg>
  </bean>
  <bean id="FedoraAPIAImpl" class="org.fcrepo.server.access.FedoraAPIAImpl">
    <constructor-arg ref="org.fcrepo.server.Server"></constructor-arg>
  </bean>
  <bean id="FedoraAPIAMTOMImpl" class="org.fcrepo.server.access.FedoraAPIAMTOMImpl">
    <constructor-arg ref="org.fcrepo.server.Server"></constructor-arg>
  </bean>
</beans>
