<?xml version="1.0" encoding="UTF-8"?>
<Policy
	xmlns="urn:oasis:names:tc:xacml:2.0:policy:schema:os"
	xmlns:xacml-context="urn:oasis:names:tc:xacml:2.0:context:schema:os"
	xmlns:xsi="http://www.w3.org/2001/XMLSchema-instance"
	xsi:schemaLocation="urn:oasis:names:tc:xacml:2.0:policy:schema:os http://docs.oasis-open.org/xacml/2.0/access_control-xacml-2.0-policy-schema-os.xsd
						urn:oasis:names:tc:xacml:2.0:context:schema:os http://docs.oasis-open.org/xacml/2.0/access_control-xacml-2.0-context-schema-os.xsd"
	PolicyId="access-owner"
	RuleCombiningAlgId="urn:oasis:names:tc:xacml:1.0:rule-combining-algorithm:permit-overrides">
	<Description>A policy to provide access to the resource owner</Description>
	<Target/>
	<Rule Effect="Permit" RuleId="au:edu:mq:melcoe:ramp:fedora:xacml:2.0:rule:generic-permit">
		<Condition>
			<Apply FunctionId="urn:oasis:names:tc:xacml:1.0:function:string-equal">
				<Apply FunctionId="urn:oasis:names:tc:xacml:1.0:function:string-one-and-only">
					<SubjectAttributeDesignator AttributeId="urn:oasis:names:tc:xacml:1.0:subject:subject-id" DataType="http://www.w3.org/2001/XMLSchema#string" />
				</Apply>
				<Apply FunctionId="urn:oasis:names:tc:xacml:1.0:function:string-one-and-only">
					<ResourceAttributeDesignator AttributeId="info:fedora/fedora-system:def/model#ownerId" DataType="http://www.w3.org/2001/XMLSchema#string" />
				</Apply>
			</Apply>
		</Condition>
	</Rule>
</Policy>
