<?xml version="1.0" encoding="UTF-8"?>
<feed xmlns="http://www.w3.org/2005/Atom">
  <id>info:fedora/demo:18</id>
  <title type="text">Data Object (ECDL Paper) for Simple Document Demo</title>
  <updated>2008-07-02T05:09:42.015Z</updated>
  <author>
    <name>fedoraAdmin</name>
  </author>
  <category scheme="info:fedora/fedora-system:def/model#state" term="Active"/>
  <category scheme="info:fedora/fedora-system:def/model#createdDate" term="2008-07-02T05:09:42.015Z"/>
  <icon>http://www.fedora-commons.org/images/logo_vertical_transparent_200_251.png</icon>
  <entry>
    <id>info:fedora/demo:18/DC</id>
    <title type="text">DC</title>
    <updated>2008-07-02T05:09:43.312Z</updated>
    <link href="info:fedora/demo:18/DC/2008-07-02T05:09:43.312Z" rel="alternate"/>
    <category scheme="info:fedora/fedora-system:def/model#state" term="A"/>
    <category scheme="info:fedora/fedora-system:def/model#controlGroup" term="X"/>
    <category scheme="info:fedora/fedora-system:def/model#versionable" term="true"/>
  </entry>
  <entry xmlns:thr="http://purl.org/syndication/thread/1.0">
    <id>info:fedora/demo:18/DC/2008-07-02T05:09:43.312Z</id>
    <title type="text">DC1.0</title>
    <updated>2008-07-02T05:09:43.312Z</updated>
    <thr:in-reply-to ref="info:fedora/demo:18/DC"/>
    <category scheme="info:fedora/fedora-system:def/model#formatURI" term="http://www.openarchives.org/OAI/2.0/oai_dc/"/>
    <category scheme="info:fedora/fedora-system:def/model#label" term="Dublin Core Record for this object"/>
    <content type="text/xml">
      <oai_dc:dc xmlns:dc="http://purl.org/dc/elements/1.1/" xmlns:oai_dc="http://www.openarchives.org/OAI/2.0/oai_dc/">
        <dc:title>The Mellon Fedora Project: Digital Library Architecture Meets XML and Web Services</dc:title>
        <dc:creator>Sandra Payette</dc:creator>
        <dc:creator>Thornton Staples</dc:creator>
        <dc:subject>Fedora</dc:subject>
        <dc:subject>repository architecture</dc:subject>
        <dc:subject>digital libraries</dc:subject>
        <dc:subject>web service</dc:subject>
        <dc:subject>open source software</dc:subject>
        <dc:description>Paper on the Fedora project, presented at the European Digital Library Conference (ECDL) in 2002, Rome, Italy</dc:description>
        <dc:publisher>Springer</dc:publisher>
        <dc:date>2002-09-17</dc:date>
        <dc:format>application/pdf</dc:format>
        <dc:format>application/msword</dc:format>
        <dc:format>application/ps</dc:format>
        <dc:identifier>demo:18</dc:identifier>
        <dc:relation>http://www.fedora.info</dc:relation>
        <dc:rights>unrestricted</dc:rights>
      </oai_dc:dc>
    </content>
  </entry>
  <entry>
    <id>info:fedora/demo:18/DS1</id>
    <title type="text">DS1</title>
    <updated>2008-07-02T05:09:43.312Z</updated>
    <link href="info:fedora/demo:18/DS1/2008-07-02T05:09:43.312Z" rel="alternate"/>
    <category scheme="info:fedora/fedora-system:def/model#state" term="A"/>
    <category scheme="info:fedora/fedora-system:def/model#controlGroup" term="E"/>
    <category scheme="info:fedora/fedora-system:def/model#versionable" term="true"/>
  </entry>
  <entry xmlns:thr="http://purl.org/syndication/thread/1.0">
    <id>info:fedora/demo:18/DS1/2008-07-02T05:09:43.312Z</id>
    <title type="text">DS1.0</title>
    <updated>2008-07-02T05:09:43.312Z</updated>
    <thr:in-reply-to ref="info:fedora/demo:18/DS1"/>
    <category scheme="info:fedora/fedora-system:def/model#label" term="The Mellon Fedora Project: Digital Library Architecture Meets XML and Web Services (Formatted in MSWord)"/>
    <summary type="text">DS1.0</summary>
    <content
      src="http://local.fedora.server/fedora-demo/simple-document-demo/ecdl2002pay.doc" type="application/msword"/>
  </entry>
  <entry>
    <id>info:fedora/demo:18/DS2</id>
    <title type="text">DS2</title>
    <updated>2008-07-02T05:09:43.312Z</updated>
    <link href="info:fedora/demo:18/DS2/2008-07-02T05:09:43.312Z" rel="alternate"/>
    <category scheme="info:fedora/fedora-system:def/model#state" term="A"/>
    <category scheme="info:fedora/fedora-system:def/model#controlGroup" term="E"/>
    <category scheme="info:fedora/fedora-system:def/model#versionable" term="true"/>
  </entry>
  <entry xmlns:thr="http://purl.org/syndication/thread/1.0">
    <id>info:fedora/demo:18/DS2/2008-07-02T05:09:43.312Z</id>
    <title type="text">DS2.0</title>
    <updated>2008-07-02T05:09:43.312Z</updated>
    <thr:in-reply-to ref="info:fedora/demo:18/DS2"/>
    <category scheme="info:fedora/fedora-system:def/model#label" term="The Mellon Fedora Project: Digital Library Architecture Meets XML and Web Services (Formatted in PDF)"/>
    <summary type="text">DS2.0</summary>
    <content
      src="http://local.fedora.server/fedora-demo/simple-document-demo/ecdl2002pay.pdf" type="application/pdf"/>
  </entry>
  <entry>
    <id>info:fedora/demo:18/DS3</id>
    <title type="text">DS3</title>
    <updated>2008-07-02T05:09:43.312Z</updated>
    <link href="info:fedora/demo:18/DS3/2008-07-02T05:09:43.312Z" rel="alternate"/>
    <category scheme="info:fedora/fedora-system:def/model#state" term="A"/>
    <category scheme="info:fedora/fedora-system:def/model#controlGroup" term="E"/>
    <category scheme="info:fedora/fedora-system:def/model#versionable" term="true"/>
  </entry>
  <entry xmlns:thr="http://purl.org/syndication/thread/1.0">
    <id>info:fedora/demo:18/DS3/2008-07-02T05:09:43.312Z</id>
    <title type="text">DS3.0</title>
    <updated>2008-07-02T05:09:43.312Z</updated>
    <thr:in-reply-to ref="info:fedora/demo:18/DS3"/>
    <category scheme="info:fedora/fedora-system:def/model#label" term="The Mellon Fedora Project: Digital Library Architecture Meets XML and Web Services (Formatted in PS)"/>
    <summary type="text">DS3.0</summary>
    <content
      src="http://local.fedora.server/fedora-demo/simple-document-demo/ecdl2002pay.ps" type="application/ps"/>
  </entry>
</feed>
