<beans 
  xmlns="http://www.springframework.org/schema/beans"
  xmlns:amq="http://activemq.apache.org/schema/core"
  xmlns:xsi="http://www.w3.org/2001/XMLSchema-instance"
  xsi:schemaLocation="http://www.springframework.org/schema/beans http://www.springframework.org/schema/beans/spring-beans-2.0.xsd
  http://activemq.apache.org/schema/core http://activemq.apache.org/schema/core/activemq-core-5.5.0.xsd">

  <!-- ActiveMQ JMS Broker configuration -->
  <amq:broker id="broker" useShutdownHook="false">

    <amq:managementContext>
      <amq:managementContext connectorPort="1093" createConnector="false"/>
    </amq:managementContext>

    <!-- Your remote broker, configured with failover -->
    <amq:networkConnectors>
      <amq:networkConnector name="fedorabridge" dynamicOnly="true" uri="static:(failover:(tcp://0.0.0.0:61616))"/>
    </amq:networkConnectors>

    <!-- The directory where Fedora will store the ActiveMQ data -->
    <amq:persistenceAdapter>
      <amq:amqPersistenceAdapter directory="file:./data/amq"/>
    </amq:persistenceAdapter>
  </amq:broker>

  <!-- Set this to prevent objects from being serialized when
       passed along to your embedded broker;  saves some overhead processing -->
  <bean id="jmsConnectionFactory" class="org.apache.activemq.ActiveMQConnectionFactory">
     <property name="objectMessageSerializationDefered" value="false"/>
  </bean>

</beans>
