<?xml version="1.0" encoding="UTF-8"?>
<!-- specifies mimetype to file extension mappings for content-disposition header for datastream disseminations -->
<mappings>
  <mime-mapping>
    <mime-type>application/java</mime-type>
    <extension>class</extension>
  </mime-mapping>
  <mime-mapping>
    <mime-type>application/java-archive</mime-type>
    <extension>jar</extension>
  </mime-mapping>
  <mime-mapping>
    <mime-type>application/mac-binhex40</mime-type>
    <extension>hqx</extension>
  </mime-mapping>
  <mime-mapping>
    <mime-type>application/mathml+xml</mime-type>
    <extension>mathml</extension>
  </mime-mapping>
  <mime-mapping>
    <mime-type>application/msword</mime-type>
    <extension>doc</extension>
  </mime-mapping>
  <mime-mapping>
    <mime-type>application/octet-stream</mime-type>
    <extension>bin</extension>
  </mime-mapping>
  <mime-mapping>
    <mime-type>application/oda</mime-type>
    <extension>oda</extension>
  </mime-mapping>
  <mime-mapping>
    <mime-type>application/ogg</mime-type>
    <extension>ogg</extension>
  </mime-mapping>
  <mime-mapping>
    <mime-type>application/pdf</mime-type>
    <extension>pdf</extension>
  </mime-mapping>
  <mime-mapping>
    <mime-type>application/postscript</mime-type>
    <extension>ps</extension>
  </mime-mapping>
  <mime-mapping>
    <mime-type>application/rdf+xml</mime-type>
    <extension>rdf</extension>
  </mime-mapping>
  <mime-mapping>
    <mime-type>application/vnd.mif</mime-type>
    <extension>mif</extension>
  </mime-mapping>
  <mime-mapping>
    <mime-type>application/vnd.mozilla.xul+xml</mime-type>
    <extension>xul</extension>
  </mime-mapping>
  <mime-mapping>
    <mime-type>application/vnd.ms-excel</mime-type>
    <extension>xls</extension>
  </mime-mapping>
  <mime-mapping>
    <mime-type>application/vnd.ms-word</mime-type>
    <extension>doc</extension>
  </mime-mapping>
  <mime-mapping>
    <mime-type>application/vnd.ms-powerpoint</mime-type>
    <extension>ppt</extension>
  </mime-mapping>
  <mime-mapping>
    <mime-type>application/vnd.oasis.opendocument.chart</mime-type>
    <extension>odc</extension>
  </mime-mapping>
  <mime-mapping>
    <mime-type>application/vnd.oasis.opendocument.database</mime-type>
    <extension>odb</extension>
  </mime-mapping>
  <mime-mapping>
    <mime-type>application/vnd.oasis.opendocument.formula</mime-type>
    <extension>odf</extension>
  </mime-mapping>
  <mime-mapping>
    <mime-type>application/vnd.oasis.opendocument.graphics</mime-type>
    <extension>odg</extension>
  </mime-mapping>
  <mime-mapping>
    <mime-type>application/vnd.oasis.opendocument.graphics-template</mime-type>
    <extension>otg</extension>
  </mime-mapping>
  <mime-mapping>
    <mime-type>application/vnd.oasis.opendocument.image</mime-type>
    <extension>odi</extension>
  </mime-mapping>
  <mime-mapping>
    <mime-type>application/vnd.oasis.opendocument.presentation</mime-type>
    <extension>odp</extension>
  </mime-mapping>
  <mime-mapping>
    <mime-type>application/vnd.oasis.opendocument.presentation-template</mime-type>
    <extension>otp</extension>
  </mime-mapping>
  <mime-mapping>
    <mime-type>application/vnd.oasis.opendocument.spreadsheet</mime-type>
    <extension>ods</extension>
  </mime-mapping>
  <mime-mapping>
    <mime-type>application/vnd.oasis.opendocument.spreadsheet-template</mime-type>
    <extension>ots</extension>
  </mime-mapping>
  <mime-mapping>
    <mime-type>application/vnd.oasis.opendocument.text</mime-type>
    <extension>odt</extension>
  </mime-mapping>
  <mime-mapping>
    <mime-type>application/vnd.oasis.opendocument.text-master</mime-type>
    <extension>odm</extension>
  </mime-mapping>
  <mime-mapping>
    <mime-type>application/vnd.oasis.opendocument.text-template</mime-type>
    <extension>ott</extension>
  </mime-mapping>
  <mime-mapping>
    <mime-type>application/vnd.oasis.opendocument.text-web</mime-type>
    <extension>oth</extension>
  </mime-mapping>
  <mime-mapping>
    <mime-type>application/vnd.openxmlformats-officedocument.wordprocessingml.document</mime-type>
    <extension>docx</extension>
  </mime-mapping>
  <mime-mapping>
    <mime-type>application/vnd.openxmlformats-officedocument.spreadsheetml.sheet</mime-type>
    <extension>xlsx</extension>
  </mime-mapping>
  <mime-mapping>
    <mime-type>application/vnd.openxmlformats-officedocument.presentationml.presentation</mime-type>
    <extension>pptx</extension>
  </mime-mapping>
  <mime-mapping>
    <mime-type>application/vnd.openxmlformats-officedocument.presentationml.slideshow</mime-type>
    <extension>ppsx</extension>
  </mime-mapping>
  <mime-mapping>
    <mime-type>application/vnd.rn-realmedia</mime-type>
    <extension>rm</extension>
  </mime-mapping>
  <mime-mapping>
    <mime-type>application/vnd.wap.wmlc</mime-type>
    <extension>wmlc</extension>
  </mime-mapping>
  <mime-mapping>
    <mime-type>application/vnd.wap.wmlscriptc</mime-type>
    <extension>wmlscriptc</extension>
  </mime-mapping>
  <mime-mapping>
    <mime-type>application/voicexml+xml</mime-type>
    <extension>vxml</extension>
  </mime-mapping>
  <mime-mapping>
    <mime-type>application/x-aim</mime-type>
    <extension>aim</extension>
  </mime-mapping>
  <mime-mapping>
    <mime-type>application/x-bcpio</mime-type>
    <extension>bcpio</extension>
  </mime-mapping>
  <mime-mapping>
    <mime-type>application/x-compress</mime-type>
    <extension>z</extension>
  </mime-mapping>
  <mime-mapping>
    <mime-type>application/x-cpio</mime-type>
    <extension>cpio</extension>
  </mime-mapping>
  <mime-mapping>
    <mime-type>application/x-csh</mime-type>
    <extension>csh</extension>
  </mime-mapping>
  <mime-mapping>
    <mime-type>application/x-dvi</mime-type>
    <extension>dvi</extension>
  </mime-mapping>
  <mime-mapping>
    <mime-type>application/x-gtar</mime-type>
    <extension>gtar</extension>
  </mime-mapping>
  <mime-mapping>
    <mime-type>application/x-gzip</mime-type>
    <extension>gz</extension>
  </mime-mapping>
  <mime-mapping>
    <mime-type>application/x-hdf</mime-type>
    <extension>hdf</extension>
  </mime-mapping>
  <mime-mapping>
    <mime-type>application/xhtml+xml</mime-type>
    <extension>xhtml</extension>
  </mime-mapping>
  <mime-mapping>
    <mime-type>application/x-java-jnlp-file</mime-type>
    <extension>jnlp</extension>
  </mime-mapping>
  <mime-mapping>
    <mime-type>application/x-latex</mime-type>
    <extension>latex</extension>
  </mime-mapping>
  <mime-mapping>
    <mime-type>application/xml</mime-type>
    <extension>xml</extension>
  </mime-mapping>
  <mime-mapping>
    <mime-type>application/xml-dtd</mime-type>
    <extension>dtd</extension>
  </mime-mapping>
  <mime-mapping>
    <mime-type>application/x-netcdf</mime-type>
    <extension>cdf</extension>
  </mime-mapping>
  <mime-mapping>
    <mime-type>application/x-sh</mime-type>
    <extension>sh</extension>
  </mime-mapping>
  <mime-mapping>
    <mime-type>application/x-shar</mime-type>
    <extension>shar</extension>
  </mime-mapping>
  <mime-mapping>
    <mime-type>application/x-shockwave-flash</mime-type>
    <extension>swf</extension>
  </mime-mapping>
  <mime-mapping>
    <mime-type>application/xslt+xml</mime-type>
    <extension>xslt</extension>
  </mime-mapping>
  <mime-mapping>
    <mime-type>application/x-stuffit</mime-type>
    <extension>sit</extension>
  </mime-mapping>
  <mime-mapping>
    <mime-type>application/x-sv4cpio</mime-type>
    <extension>sv4cpio</extension>
  </mime-mapping>
  <mime-mapping>
    <mime-type>application/x-sv4crc</mime-type>
    <extension>sv4crc</extension>
  </mime-mapping>
  <mime-mapping>
    <mime-type>application/x-tar</mime-type>
    <extension>tar</extension>
  </mime-mapping>
  <mime-mapping>
    <mime-type>application/x-tcl</mime-type>
    <extension>tcl</extension>
  </mime-mapping>
  <mime-mapping>
    <mime-type>application/x-tex</mime-type>
    <extension>tex</extension>
  </mime-mapping>
  <mime-mapping>
    <mime-type>application/x-texinfo</mime-type>
    <extension>texinfo</extension>
  </mime-mapping>
  <mime-mapping>
    <mime-type>application/x-troff</mime-type>
    <extension>tr</extension>
  </mime-mapping>
  <mime-mapping>
    <mime-type>application/x-troff-man</mime-type>
    <extension>man</extension>
  </mime-mapping>
  <mime-mapping>
    <mime-type>application/x-troff-me</mime-type>
    <extension>me</extension>
  </mime-mapping>
  <mime-mapping>
    <mime-type>application/x-troff-ms</mime-type>
    <extension>ms</extension>
  </mime-mapping>
  <mime-mapping>
    <mime-type>application/x-ustar</mime-type>
    <extension>ustar</extension>
  </mime-mapping>
  <mime-mapping>
    <mime-type>application/x-visio</mime-type>
    <extension>vsd</extension>
  </mime-mapping>
  <mime-mapping>
    <mime-type>application/x-wais-source</mime-type>
    <extension>src</extension>
  </mime-mapping>
  <mime-mapping>
    <mime-type>application/x-x509-ca-cert</mime-type>
    <extension>cer</extension>
  </mime-mapping>
  <mime-mapping>
    <mime-type>application/zip</mime-type>
    <extension>zip</extension>
  </mime-mapping>
  <mime-mapping>
    <mime-type>audio/basic</mime-type>
    <extension>au</extension>
  </mime-mapping>
  <mime-mapping>
    <mime-type>audio/midi</mime-type>
    <extension>mid</extension>
  </mime-mapping>
  <mime-mapping>
    <mime-type>audio/mpeg</mime-type>
    <extension>mp3</extension>
  </mime-mapping>
  <mime-mapping>
    <mime-type>audio/x-aiff</mime-type>
    <extension>aif</extension>
  </mime-mapping>
  <mime-mapping>
    <mime-type>audio/x-midi</mime-type>
    <extension>smf</extension>
  </mime-mapping>
  <mime-mapping>
    <mime-type>audio/x-mpeg</mime-type>
    <extension>mpa</extension>
  </mime-mapping>
  <mime-mapping>
    <mime-type>audio/x-mpegurl</mime-type>
    <extension>m3u</extension>
  </mime-mapping>
  <mime-mapping>
    <mime-type>audio/x-scpls</mime-type>
    <extension>pls</extension>
  </mime-mapping>
  <mime-mapping>
    <mime-type>audio/x-wav</mime-type>
    <extension>wav</extension>
  </mime-mapping>
  <mime-mapping>
    <mime-type>image/bmp</mime-type>
    <extension>bmp</extension>
  </mime-mapping>
  <mime-mapping>
    <mime-type>image/gif</mime-type>
    <extension>gif</extension>
  </mime-mapping>
  <mime-mapping>
    <mime-type>image/ief</mime-type>
    <extension>ief</extension>
  </mime-mapping>
  <mime-mapping>
    <mime-type>image/jpeg</mime-type>
    <extension>jpg</extension>
  </mime-mapping>
  <mime-mapping>
    <mime-type>image/pict</mime-type>
    <extension>pic</extension>
  </mime-mapping>
  <mime-mapping>
    <mime-type>image/png</mime-type>
    <extension>png</extension>
  </mime-mapping>
  <mime-mapping>
    <mime-type>image/svg+xml</mime-type>
    <extension>svg</extension>
  </mime-mapping>
  <mime-mapping>
    <mime-type>image/tiff</mime-type>
    <extension>tiff</extension>
  </mime-mapping>
  <mime-mapping>
    <mime-type>image/vnd.wap.wbmp</mime-type>
    <extension>wbmp</extension>
  </mime-mapping>
  <mime-mapping>
    <mime-type>image/x-cmu-raster</mime-type>
    <extension>ras</extension>
  </mime-mapping>
  <mime-mapping>
    <mime-type>image/x-icon</mime-type>
    <extension>ico</extension>
  </mime-mapping>
  <mime-mapping>
    <mime-type>image/x-jg</mime-type>
    <extension>art</extension>
  </mime-mapping>
  <mime-mapping>
    <mime-type>image/x-macpaint</mime-type>
    <extension>pnt</extension>
  </mime-mapping>
  <mime-mapping>
    <mime-type>image/x-photoshop</mime-type>
    <extension>psd</extension>
  </mime-mapping>
  <mime-mapping>
    <mime-type>image/x-portable-anymap</mime-type>
    <extension>pnm</extension>
  </mime-mapping>
  <mime-mapping>
    <mime-type>image/x-portable-bitmap</mime-type>
    <extension>pbm</extension>
  </mime-mapping>
  <mime-mapping>
    <mime-type>image/x-portable-graymap</mime-type>
    <extension>pgm</extension>
  </mime-mapping>
  <mime-mapping>
    <mime-type>image/x-portable-pixmap</mime-type>
    <extension>ppm</extension>
  </mime-mapping>
  <mime-mapping>
    <mime-type>image/x-quicktime</mime-type>
    <extension>qtif</extension>
  </mime-mapping>
  <mime-mapping>
    <mime-type>image/x-rgb</mime-type>
    <extension>rgb</extension>
  </mime-mapping>
  <mime-mapping>
    <mime-type>image/x-xbitmap</mime-type>
    <extension>xbm</extension>
  </mime-mapping>
  <mime-mapping>
    <mime-type>image/x-xpixmap</mime-type>
    <extension>xpm</extension>
  </mime-mapping>
  <mime-mapping>
    <mime-type>image/x-xwindowdump</mime-type>
    <extension>xwd</extension>
  </mime-mapping>
  <mime-mapping>
    <mime-type>model/vrml</mime-type>
    <extension>vrml</extension>
  </mime-mapping>
  <mime-mapping>
    <mime-type>text/css</mime-type>
    <extension>css</extension>
  </mime-mapping>
  <mime-mapping>
    <mime-type>text/html</mime-type>
    <extension>html</extension>
  </mime-mapping>
  <mime-mapping>
    <mime-type>text/javascript</mime-type>
    <extension>js</extension>
  </mime-mapping>
  <mime-mapping>
    <mime-type>text/plain</mime-type>
    <extension>txt</extension>
  </mime-mapping>
  <mime-mapping>
    <mime-type>text/richtext</mime-type>
    <extension>rtx</extension>
  </mime-mapping>
  <mime-mapping>
    <mime-type>text/rtf</mime-type>
    <extension>rtf</extension>
  </mime-mapping>
  <mime-mapping>
    <mime-type>text/tab-separated-values</mime-type>
    <extension>tsv</extension>
  </mime-mapping>
  <mime-mapping>
    <mime-type>text/vnd.sun.j2me.app-descriptor</mime-type>
    <extension>jad</extension>
  </mime-mapping>
  <mime-mapping>
    <mime-type>text/vnd.wap.wml</mime-type>
    <extension>wml</extension>
  </mime-mapping>
  <mime-mapping>
    <mime-type>text/vnd.wap.wmlscript</mime-type>
    <extension>wmls</extension>
  </mime-mapping>
  <mime-mapping>
    <mime-type>text/x-component</mime-type>
    <extension>htc</extension>
  </mime-mapping>
  <mime-mapping>
    <mime-type>text/xml</mime-type>
    <extension>xml</extension>
  </mime-mapping>
  <mime-mapping>
    <mime-type>text/x-setext</mime-type>
    <extension>etx</extension>
  </mime-mapping>
  <mime-mapping>
    <mime-type>video/mp4</mime-type>
    <extension>mp4</extension>
  </mime-mapping>
  <mime-mapping>
    <mime-type>video/mpeg</mime-type>
    <extension>mpg</extension>
  </mime-mapping>
  <mime-mapping>
    <mime-type>video/quicktime</mime-type>
    <extension>mov</extension>
  </mime-mapping>
  <mime-mapping>
    <mime-type>video/x-dv</mime-type>
    <extension>dv</extension>
  </mime-mapping>
  <mime-mapping>
    <mime-type>video/x-ms-asf</mime-type>
    <extension>asf</extension>
  </mime-mapping>
  <mime-mapping>
    <mime-type>video/x-msvideo</mime-type>
    <extension>avi</extension>
  </mime-mapping>
  <mime-mapping>
    <mime-type>video/x-ms-wmv</mime-type>
    <extension>wmv</extension>
  </mime-mapping>
  <mime-mapping>
    <mime-type>video/x-rad-screenplay</mime-type>
    <extension>avx</extension>
  </mime-mapping>
  <mime-mapping>
    <mime-type>video/x-sgi-movie</mime-type>
    <extension>movie</extension>
  </mime-mapping>
</mappings>
