<?xml version="1.0" encoding="UTF-8"?>
<METS:mets EXT_VERSION="1.1"
  LABEL="Data Object (Coliseum) for Local Simple Image Demo" OBJID="demo:5"
  xmlns:METS="http://www.loc.gov/METS/"
  xmlns:xlink="http://www.w3.org/1999/xlink"
  xmlns:xsi="http://www.w3.org/2001/XMLSchema-instance" xsi:schemaLocation="http://www.loc.gov/METS/ http://www.fedora.info/definitions/1/0/mets-fedora-ext1-1.xsd">
  <METS:metsHdr CREATEDATE="2008-07-02T05:09:42.015Z"
    LASTMODDATE="2008-07-02T05:09:42.015Z" RECORDSTATUS="Active">
    <METS:agent ROLE="IPOWNER">
      <METS:name>fedoraAdmin</METS:name>
    </METS:agent>
  </METS:metsHdr>
  <METS:amdSec ID="DC" STATUS="A" VERSIONABLE="true">
    <METS:techMD CREATED="2008-07-02T05:09:43.375Z" ID="DC1.0">
      <METS:mdWrap FORMAT_URI="http://www.openarchives.org/OAI/2.0/oai_dc/"
        LABEL="Dublin Core Record for this object" MDTYPE="OTHER"
        MIMETYPE="text/xml" OTHERMDTYPE="UNSPECIFIED">
        <METS:xmlData>
          <oai_dc:dc xmlns:dc="http://purl.org/dc/elements/1.1/" xmlns:oai_dc="http://www.openarchives.org/OAI/2.0/oai_dc/">
            <dc:title>Coliseum in Rome</dc:title>
            <dc:creator>Thornton Staples</dc:creator>
            <dc:subject>Architecture, Roman</dc:subject>
            <dc:description>Image of Coliseum in Rome</dc:description>
            <dc:publisher>University of Virginia Library</dc:publisher>
            <dc:format>image/jpeg</dc:format>
            <dc:identifier>demo:5</dc:identifier>
          </oai_dc:dc>
        </METS:xmlData>
      </METS:mdWrap>
    </METS:techMD>
  </METS:amdSec>
  <METS:amdSec ID="RELS-EXT" STATUS="A" VERSIONABLE="true">
    <METS:techMD CREATED="2008-07-02T05:09:43.375Z" ID="RELS-EXT1.0">
      <METS:mdWrap FORMAT_URI="info:fedora/fedora-system:FedoraRELSExt-1.0"
        LABEL="RDF Statements about this object" MDTYPE="OTHER"
        MIMETYPE="application/rdf+xml" OTHERMDTYPE="UNSPECIFIED">
        <METS:xmlData>
          <rdf:RDF xmlns:fedora-model="info:fedora/fedora-system:def/model#" xmlns:rdf="http://www.w3.org/1999/02/22-rdf-syntax-ns#">
            <rdf:Description rdf:about="info:fedora/demo:5">
              <fedora-model:hasModel rdf:resource="info:fedora/demo:UVA_STD_IMAGE_1"/>
              <prefLabel xml:lang="it" xmlns="http://www.w3.org/2004/02/skos/core#">Immagine del Colosseo a Roma</prefLabel>
            </rdf:Description>
          </rdf:RDF>
        </METS:xmlData>
      </METS:mdWrap>
    </METS:techMD>
  </METS:amdSec>
  <METS:fileSec>
    <METS:fileGrp ID="DATASTREAMS">
      <METS:fileGrp ID="THUMBRES_IMG" STATUS="A" VERSIONABLE="true">
        <METS:file CREATED="2008-07-02T05:09:43.375Z" ID="THUMBRES_IMG1.0"
          MIMETYPE="image/jpeg" OWNERID="E">
          <METS:FLocat LOCTYPE="URL"
            xlink:href="http://local.fedora.server/fedora-demo/simple-image-demo/coliseum-thumb.jpg" xlink:title="Thorny's Coliseum thumbnail jpg image"/>
        </METS:file>
      </METS:fileGrp>
      <METS:fileGrp ID="MEDRES_IMG" STATUS="A" VERSIONABLE="true">
        <METS:file CREATED="2008-07-02T05:09:43.375Z" ID="MEDRES_IMG1.0"
          MIMETYPE="image/jpeg" OWNERID="E">
          <METS:FLocat LOCTYPE="URL"
            xlink:href="http://local.fedora.server/fedora-demo/simple-image-demo/coliseum-medium.jpg" xlink:title="Thorny's Coliseum medium jpg image"/>
        </METS:file>
      </METS:fileGrp>
      <METS:fileGrp ID="HIGHRES_IMG" STATUS="A" VERSIONABLE="true">
        <METS:file CREATED="2008-07-02T05:09:43.375Z" ID="HIGHRES_IMG1.0"
          MIMETYPE="image/jpeg" OWNERID="E">
          <METS:FLocat LOCTYPE="URL"
            xlink:href="http://local.fedora.server/fedora-demo/simple-image-demo/coliseum-high.jpg" xlink:title="Thorny's Coliseum high jpg image"/>
        </METS:file>
      </METS:fileGrp>
      <METS:fileGrp ID="VERYHIGHRES_IMG" STATUS="A" VERSIONABLE="true">
        <METS:file CREATED="2008-07-02T05:09:43.375Z" ID="VERYHIGHRES_IMG1.0"
          MIMETYPE="image/jpeg" OWNERID="E">
          <METS:FLocat LOCTYPE="URL"
            xlink:href="http://local.fedora.server/fedora-demo/simple-image-demo/coliseum-veryhigh.jpg" xlink:title="Thorny's Coliseum veryhigh jpg image"/>
        </METS:file>
      </METS:fileGrp>
    </METS:fileGrp>
  </METS:fileSec>
</METS:mets>
