<?xml version="1.0" encoding="UTF-8"?>
<foxml:digitalObject PID="demo:28" VERSION="1.1"
                     xmlns:foxml="info:fedora/fedora-system:def/foxml#"
                     xmlns:xsi="http://www.w3.org/2001/XMLSchema-instance"
                     xsi:schemaLocation="info:fedora/fedora-system:def/foxml# http://www.fedora.info/definitions/1/0/foxml1-1.xsd">
    <foxml:objectProperties>
        <foxml:property NAME="info:fedora/fedora-system:def/model#state" VALUE="Active"/>
        <foxml:property NAME="info:fedora/fedora-system:def/model#label"
                        VALUE="Service Deployment Object for Image Manipulation Demo"/>
        <foxml:property NAME="info:fedora/fedora-system:def/model#ownerId" VALUE="fedoraAdmin"/>
        <foxml:property NAME="info:fedora/fedora-system:def/model#createdDate" VALUE="2008-07-02T05:09:42.015Z"/>
        <foxml:property NAME="info:fedora/fedora-system:def/view#lastModifiedDate" VALUE="2008-07-02T05:09:42.015Z"/>
    </foxml:objectProperties>
    <foxml:datastream CONTROL_GROUP="X" ID="DC" STATE="A" VERSIONABLE="true">
        <foxml:datastreamVersion CREATED="2008-07-02T05:09:43.281Z"
                                 FORMAT_URI="http://www.openarchives.org/OAI/2.0/oai_dc/" ID="DC1.0"
                                 LABEL="Dublin Core Record for this object" MIMETYPE="text/xml">
            <foxml:xmlContent>
                <oai_dc:dc xmlns:dc="http://purl.org/dc/elements/1.1/"
                           xmlns:oai_dc="http://www.openarchives.org/OAI/2.0/oai_dc/">
                    <dc:title>Service Deployment Object for Image Manipulation Demo</dc:title>
                    <dc:identifier>demo:28</dc:identifier>
                </oai_dc:dc>
            </foxml:xmlContent>
        </foxml:datastreamVersion>
    </foxml:datastream>
    <foxml:datastream CONTROL_GROUP="X" ID="RELS-EXT" STATE="A" VERSIONABLE="true">
        <foxml:datastreamVersion CREATED="2008-07-02T05:09:43.281Z"
                                 FORMAT_URI="info:fedora/fedora-system:FedoraRELSExt-1.0" ID="RELS-EXT1.0"
                                 LABEL="RDF Statements about this object" MIMETYPE="application/rdf+xml">
            <foxml:xmlContent>
                <rdf:RDF xmlns:fedora-model="info:fedora/fedora-system:def/model#"
                         xmlns:rdf="http://www.w3.org/1999/02/22-rdf-syntax-ns#">
                    <rdf:Description rdf:about="info:fedora/demo:28">
                        <fedora-model:hasModel rdf:resource="info:fedora/fedora-system:ServiceDeployment-3.0"/>
                        <fedora-model:isDeploymentOf rdf:resource="info:fedora/demo:27"/>
                        <fedora-model:isContractorOf rdf:resource="info:fedora/demo:UVA_STD_IMAGE"/>
                    </rdf:Description>
                </rdf:RDF>
            </foxml:xmlContent>
        </foxml:datastreamVersion>
    </foxml:datastream>
    <foxml:datastream CONTROL_GROUP="X" ID="METHODMAP" STATE="A" VERSIONABLE="true">
        <foxml:datastreamVersion CREATED="2008-07-02T05:09:43.281Z"
                                 FORMAT_URI="info:fedora/fedora-system:FedoraSDepMethodMap-1.1"
                                 ID="METHODMAP1.0" LABEL="Deployment Method Map" MIMETYPE="text/xml">
            <foxml:xmlContent>
                <fmm:MethodMap
                        name="MethodMap - ImageManipulation BMech for CU ImageManipulation BDEF"
                        xmlns:fmm="http://fedora.comm.nsdlib.org/service/methodmap">
                    <fmm:Method operationName="resizeImage"
                                wsdlMsgName="resizeImageRequest" wsdlMsgOutput="image_response">
                        <fmm:UserInputParm defaultValue="150" parmName="width"
                                           passBy="VALUE" required="true"/>
                        <fmm:DatastreamInputParm parmName="url" passBy="URL_REF"/>
                        <fmm:MethodReturnType wsdlMsgName="image_response" wsdlMsgTOMIME="image/gif"/>
                    </fmm:Method>
                    <fmm:Method operationName="zoomImage" wsdlMsgName="zoomImageRequest" wsdlMsgOutput="image_response">
                        <fmm:UserInputParm defaultValue="3" parmName="zoom" passBy="VALUE" required="true"/>
                        <fmm:DatastreamInputParm parmName="url" passBy="URL_REF"/>
                        <fmm:MethodReturnType wsdlMsgName="image_response" wsdlMsgTOMIME="image/gif"/>
                    </fmm:Method>
                    <fmm:Method operationName="brightImage"
                                wsdlMsgName="brightImageRequest" wsdlMsgOutput="image_response">
                        <fmm:UserInputParm defaultValue="3.5" parmName="bright"
                                           passBy="VALUE" required="true"/>
                        <fmm:DatastreamInputParm parmName="url" passBy="URL_REF"/>
                        <fmm:MethodReturnType wsdlMsgName="image_response" wsdlMsgTOMIME="image/gif"/>
                    </fmm:Method>
                    <fmm:Method operationName="watermarkImage"
                                wsdlMsgName="watermarkImageRequest" wsdlMsgOutput="image_response">
                        <fmm:UserInputParm defaultValue="Watermarked 2003"
                                           parmName="watermark" passBy="VALUE" required="true"/>
                        <fmm:DatastreamInputParm parmName="url" passBy="URL_REF"/>
                        <fmm:MethodReturnType wsdlMsgName="image_response" wsdlMsgTOMIME="image/gif"/>
                    </fmm:Method>
                    <fmm:Method operationName="grayscaleImage"
                                wsdlMsgName="grayscaleImageRequest" wsdlMsgOutput="image_response">
                        <fmm:DatastreamInputParm parmName="url" passBy="URL_REF"/>
                        <fmm:MethodReturnType wsdlMsgName="image_response" wsdlMsgTOMIME="image/gif"/>
                    </fmm:Method>
                    <fmm:Method operationName="cropImage" wsdlMsgName="cropImageRequest" wsdlMsgOutput="image_response">
                        <fmm:UserInputParm defaultValue="30" parmName="x" passBy="VALUE" required="true"/>
                        <fmm:UserInputParm defaultValue="100" parmName="y" passBy="VALUE" required="true"/>
                        <fmm:UserInputParm defaultValue="" parmName="width" passBy="VALUE" required="false"/>
                        <fmm:UserInputParm defaultValue="" parmName="height" passBy="VALUE" required="false"/>
                        <fmm:DatastreamInputParm parmName="url" passBy="URL_REF"/>
                        <fmm:MethodReturnType wsdlMsgName="image_response" wsdlMsgTOMIME="image/gif"/>
                    </fmm:Method>
                    <fmm:Method operationName="convertImage"
                                wsdlMsgName="convertImageRequest" wsdlMsgOutput="image_response">
                        <fmm:UserInputParm defaultValue="gif" parmName="convertTo"
                                           passBy="VALUE" required="true">
                            <fmm:ValidParmValues>
                                <fmm:ValidParm value="gif"/>
                                <fmm:ValidParm value="jpg"/>
                                <fmm:ValidParm value="tiff"/>
                                <fmm:ValidParm value="png"/>
                                <fmm:ValidParm value="bmp"/>
                            </fmm:ValidParmValues>
                        </fmm:UserInputParm>
                        <fmm:DatastreamInputParm parmName="url" passBy="URL_REF"/>
                        <fmm:MethodReturnType wsdlMsgName="image_response" wsdlMsgTOMIME="image/gif"/>
                    </fmm:Method>
                </fmm:MethodMap>
            </foxml:xmlContent>
        </foxml:datastreamVersion>
    </foxml:datastream>
    <foxml:datastream CONTROL_GROUP="X" ID="DSINPUTSPEC" STATE="A" VERSIONABLE="true">
        <foxml:datastreamVersion CREATED="2008-07-02T05:09:43.281Z"
                                 FORMAT_URI="info:fedora/fedora-system:FedoraDSInputSpec-1.1"
                                 ID="DSINPUTSPEC1.0" LABEL="Datastream Input Specification" MIMETYPE="text/xml">
            <foxml:xmlContent>
                <fbs:DSInputSpec
                        label="CU ImageManipulation Datastream Input Specification"
                        xmlns:fbs="http://fedora.comm.nsdlib.org/service/bindspec">
                    <fbs:DSInput DSMax="1" DSMin="1" DSOrdinality="false" wsdlMsgPartName="url">
                        <fbs:DSInputLabel>Image URL</fbs:DSInputLabel>
                        <fbs:DSMIME>image/gif</fbs:DSMIME>
                        <fbs:DSMIME>image/jpeg</fbs:DSMIME>
                        <fbs:DSMIME>image/tiff</fbs:DSMIME>
                        <fbs:DSMIME>image/png</fbs:DSMIME>
                        <fbs:DSMIME>image/bmp</fbs:DSMIME>
                        <fbs:DSInputInstruction>URL pointing to an image of type GIF, JPG, or TIF
                        </fbs:DSInputInstruction>
                    </fbs:DSInput>
                </fbs:DSInputSpec>
            </foxml:xmlContent>
        </foxml:datastreamVersion>
    </foxml:datastream>
    <foxml:datastream CONTROL_GROUP="X" ID="WSDL" STATE="A" VERSIONABLE="true">
        <foxml:datastreamVersion CREATED="2008-07-02T05:09:43.281Z"
                                 FORMAT_URI="http://schemas.xmlsoap.org/wsdl/" ID="WSDL1.0"
                                 LABEL="WSDL Bindings" MIMETYPE="text/xml">
            <foxml:xmlContent>
                <wsdl:definitions name="CUImageManipulationServlet"
                                  targetNamespace="ImageManipluation"
                                  xmlns:http="http://schemas.xmlsoap.org/wsdl/http/"
                                  xmlns:mime="http://schemas.xmlsoap.org/wsdl/mime/"
                                  xmlns:soap="http://schemas.xmlsoap.org/wsdl/soap"
                                  xmlns:soapenc="http://schemas.xmlsoap.org/wsdl/soap/encoding"
                                  xmlns:this="ImageManipulation"
                                  xmlns:wsdl="http://schemas.xmlsoap.org/wsdl/"
                                  xmlns:xsd="http://www.w3.org/2001/XMLSchema">
                    <wsdl:types>
                        <xsd:schema targetNamespace="ImageManipulation">
                            <xsd:simpleType name="urlType">
                                <xsd:restriction base="xsd:string"/>
                            </xsd:simpleType>
                            <xsd:simpleType name="widthType">
                                <xsd:restriction base="xsd:integer"/>
                            </xsd:simpleType>
                            <xsd:simpleType name="zoomType">
                                <xsd:restriction base="xsd:float"/>
                            </xsd:simpleType>
                            <xsd:simpleType name="brightType">
                                <xsd:restriction base="xsd:float"/>
                            </xsd:simpleType>
                            <xsd:simpleType name="watermarkType">
                                <xsd:restriction base="xsd:string"/>
                            </xsd:simpleType>
                            <xsd:simpleType name="xType">
                                <xsd:restriction base="xsd:integer"/>
                            </xsd:simpleType>
                            <xsd:simpleType name="yType">
                                <xsd:restriction base="xsd:integer"/>
                            </xsd:simpleType>
                            <xsd:simpleType name="heightType">
                                <xsd:restriction base="xsd:integer"/>
                            </xsd:simpleType>
                            <xsd:simpleType name="convertType">
                                <xsd:restriction base="xsd:string">
                                    <xsd:enumeration value="gif"/>
                                    <xsd:enumeration value="jpg"/>
                                    <xsd:enumeration value="tiff"/>
                                    <xsd:enumeration value="png"/>
                                    <xsd:enumeration value="bmp"/>
                                </xsd:restriction>
                            </xsd:simpleType>
                        </xsd:schema>
                    </wsdl:types>
                    <wsdl:message name="resizeImageRequest">
                        <wsdl:part name="url" type="this:urlType"/>
                        <wsdl:part name="width" type="this:widthType"/>
                    </wsdl:message>
                    <wsdl:message name="zoomImageRequest">
                        <wsdl:part name="url" type="this:urlType"/>
                        <wsdl:part name="zoom" type="this:zoomType"/>
                    </wsdl:message>
                    <wsdl:message name="brightImageRequest">
                        <wsdl:part name="url" type="this:urlType"/>
                        <wsdl:part name="bright" type="this:brightType"/>
                    </wsdl:message>
                    <wsdl:message name="watermarkImageRequest">
                        <wsdl:part name="url" type="this:urlType"/>
                        <wsdl:part name="watermark" type="this:watermarkType"/>
                    </wsdl:message>
                    <wsdl:message name="grayscaleImageRequest">
                        <wsdl:part name="url" type="this:urlType"/>
                    </wsdl:message>
                    <wsdl:message name="cropImageRequest">
                        <wsdl:part name="url" type="this:urlType"/>
                        <wsdl:part name="x" type="this:xType"/>
                        <wsdl:part name="y" type="this:yType"/>
                        <wsdl:part name="width" type="this:widthType"/>
                        <wsdl:part name="height" type="this:heightType"/>
                    </wsdl:message>
                    <wsdl:message name="convertImageRequest">
                        <wsdl:part name="url" type="this:urlType"/>
                        <wsdl:part name="convert" type="this:convertType"/>
                    </wsdl:message>
                    <wsdl:message name="image_response">
                        <wsdl:part name="image" type="xsd:base64Binary"/>
                    </wsdl:message>
                    <wsdl:portType name="ImageManipulationPortType">
                        <wsdl:operation name="resizeImage">
                            <wsdl:input message="this:resizeImageRequest"/>
                            <wsdl:output message="this:image_response"/>
                        </wsdl:operation>
                        <wsdl:operation name="zoomImage">
                            <wsdl:input message="this:zoomImageRequest"/>
                            <wsdl:output message="this:image_response"/>
                        </wsdl:operation>
                        <wsdl:operation name="brightImage">
                            <wsdl:input message="this:brightImageRequest"/>
                            <wsdl:output message="this:image_response"/>
                        </wsdl:operation>
                        <wsdl:operation name="watermarkImage">
                            <wsdl:input message="this:watermarkImageRequest"/>
                            <wsdl:output message="this:image_response"/>
                        </wsdl:operation>
                        <wsdl:operation name="grayscaleImage">
                            <wsdl:input message="this:grayscaleImageRequest"/>
                            <wsdl:output message="this:image_response"/>
                        </wsdl:operation>
                        <wsdl:operation name="cropImage">
                            <wsdl:input message="this:cropImageRequest"/>
                            <wsdl:output message="this:image_response"/>
                        </wsdl:operation>
                        <wsdl:operation name="convertImage">
                            <wsdl:input message="this:convertImageRequest"/>
                            <wsdl:output message="this:image_response"/>
                        </wsdl:operation>
                    </wsdl:portType>
                    <wsdl:service name="ImageManipulation">
                        <wsdl:port binding="this:ImageManipulation_http" name="ImageManipulation_port">
                            <http:address location="http://local.fedora.server/imagemanip/"/>
                        </wsdl:port>
                    </wsdl:service>
                    <wsdl:binding name="ImageManipulation_http" type="this:ImageManipulationPortType">
                        <http:binding verb="GET"/>
                        <wsdl:operation name="resizeImage">
                            <http:operation location="ImageManipulation?url=(url)&amp;op=resize&amp;newWidth=(width)"/>
                            <wsdl:input>
                                <http:urlReplacement/>
                            </wsdl:input>
                            <wsdl:output>
                                <mime:content type="image/gif"/>
                                <mime:content type="image/jpeg"/>
                                <mime:content type="image/tiff"/>
                                <mime:content type="image/png"/>
                                <mime:content type="image/bmp"/>
                            </wsdl:output>
                        </wsdl:operation>
                        <wsdl:operation name="zoomImage">
                            <http:operation location="ImageManipulation?url=(url)&amp;op=zoom&amp;zoomAmt=(zoom)"/>
                            <wsdl:input>
                                <http:urlReplacement/>
                            </wsdl:input>
                            <wsdl:output>
                                <mime:content type="image/gif"/>
                                <mime:content type="image/jpeg"/>
                                <mime:content type="image/tiff"/>
                                <mime:content type="image/png"/>
                                <mime:content type="image/bmp"/>
                            </wsdl:output>
                        </wsdl:operation>
                        <wsdl:operation name="brightImage">
                            <http:operation
                                    location="ImageManipulation?url=(url)&amp;op=brightness&amp;brightAmt=(bright)"/>
                            <wsdl:input>
                                <http:urlReplacement/>
                            </wsdl:input>
                            <wsdl:output>
                                <mime:content type="image/gif"/>
                                <mime:content type="image/jpeg"/>
                                <mime:content type="image/tiff"/>
                                <mime:content type="image/png"/>
                                <mime:content type="image/bmp"/>
                            </wsdl:output>
                        </wsdl:operation>
                        <wsdl:operation name="watermarkImage">
                            <http:operation
                                    location="ImageManipulation?url=(url)&amp;op=watermark&amp;wmText=(watermark)"/>
                            <wsdl:input>
                                <http:urlReplacement/>
                            </wsdl:input>
                            <wsdl:output>
                                <mime:content type="image/gif"/>
                                <mime:content type="image/jpeg"/>
                                <mime:content type="image/tiff"/>
                                <mime:content type="image/png"/>
                                <mime:content type="image/bmp"/>
                            </wsdl:output>
                        </wsdl:operation>
                        <wsdl:operation name="grayscaleImage">
                            <http:operation location="ImageManipulation?url=(url)&amp;op=grayscale"/>
                            <wsdl:input>
                                <http:urlReplacement/>
                            </wsdl:input>
                            <wsdl:output>
                                <mime:content type="image/gif"/>
                                <mime:content type="image/jpeg"/>
                                <mime:content type="image/tiff"/>
                                <mime:content type="image/png"/>
                                <mime:content type="image/bmp"/>
                            </wsdl:output>
                        </wsdl:operation>
                        <wsdl:operation name="cropImage">
                            <http:operation
                                    location="ImageManipulation?url=(url)&amp;op=crop&amp;cropX=(x)&amp;cropY=(y)&amp;cropWidth=(width)&amp;cropHeight=(height)"/>
                            <wsdl:input>
                                <http:urlReplacement/>
                            </wsdl:input>
                            <wsdl:output>
                                <mime:content type="image/gif"/>
                                <mime:content type="image/jpeg"/>
                                <mime:content type="image/tiff"/>
                                <mime:content type="image/png"/>
                                <mime:content type="image/bmp"/>
                            </wsdl:output>
                        </wsdl:operation>
                        <wsdl:operation name="convertImage">
                            <http:operation
                                    location="ImageManipulation?url=(url)&amp;op=convert&amp;convertTo=(convertTo)"/>
                            <wsdl:input>
                                <http:urlReplacement/>
                            </wsdl:input>
                            <wsdl:output>
                                <mime:content type="image/gif"/>
                                <mime:content type="image/jpeg"/>
                                <mime:content type="image/tiff"/>
                                <mime:content type="image/png"/>
                                <mime:content type="image/bmp"/>
                            </wsdl:output>
                        </wsdl:operation>
                    </wsdl:binding>
                </wsdl:definitions>
            </foxml:xmlContent>
        </foxml:datastreamVersion>
    </foxml:datastream>
</foxml:digitalObject>
