<?xml version="1.0" encoding="UTF-8"?>
<feed xmlns="http://www.w3.org/2005/Atom">
  <id>info:fedora/demo:27</id>
  <title type="text">Service Definition Object for Image Manipulation Demo</title>
  <updated>2008-07-02T05:09:42.015Z</updated>
  <author>
    <name>fedoraAdmin</name>
  </author>
  <category scheme="info:fedora/fedora-system:def/model#state" term="Active"/>
  <category scheme="info:fedora/fedora-system:def/model#createdDate" term="2008-07-02T05:09:42.015Z"/>
  <icon>http://www.fedora-commons.org/images/logo_vertical_transparent_200_251.png</icon>
  <entry>
    <id>info:fedora/demo:27/DC</id>
    <title type="text">DC</title>
    <updated>2008-07-02T05:09:43.250Z</updated>
    <link href="info:fedora/demo:27/DC/2008-07-02T05:09:43.250Z" rel="alternate"/>
    <category scheme="info:fedora/fedora-system:def/model#state" term="A"/>
    <category scheme="info:fedora/fedora-system:def/model#controlGroup" term="X"/>
    <category scheme="info:fedora/fedora-system:def/model#versionable" term="true"/>
  </entry>
  <entry xmlns:thr="http://purl.org/syndication/thread/1.0">
    <id>info:fedora/demo:27/DC/2008-07-02T05:09:43.250Z</id>
    <title type="text">DC1.0</title>
    <updated>2008-07-02T05:09:43.250Z</updated>
    <thr:in-reply-to ref="info:fedora/demo:27/DC"/>
    <category scheme="info:fedora/fedora-system:def/model#formatURI" term="http://www.openarchives.org/OAI/2.0/oai_dc/"/>
    <category scheme="info:fedora/fedora-system:def/model#label" term="Dublin Core Record for this object"/>
    <content type="text/xml">
      <oai_dc:dc xmlns:dc="http://purl.org/dc/elements/1.1/" xmlns:oai_dc="http://www.openarchives.org/OAI/2.0/oai_dc/">
        <dc:title>Service Definition Object for Image Manipulation Demo</dc:title>
        <dc:identifier>demo:27</dc:identifier>
      </oai_dc:dc>
    </content>
  </entry>
  <entry>
    <id>info:fedora/demo:27/RELS-EXT</id>
    <title type="text">RELS-EXT</title>
    <updated>2008-07-02T05:09:43.250Z</updated>
    <link href="info:fedora/demo:27/RELS-EXT/2008-07-02T05:09:43.250Z" rel="alternate"/>
    <category scheme="info:fedora/fedora-system:def/model#state" term="A"/>
    <category scheme="info:fedora/fedora-system:def/model#controlGroup" term="X"/>
    <category scheme="info:fedora/fedora-system:def/model#versionable" term="true"/>
  </entry>
  <entry xmlns:thr="http://purl.org/syndication/thread/1.0">
    <id>info:fedora/demo:27/RELS-EXT/2008-07-02T05:09:43.250Z</id>
    <title type="text">RELS-EXT1.0</title>
    <updated>2008-07-02T05:09:43.250Z</updated>
    <thr:in-reply-to ref="info:fedora/demo:27/RELS-EXT"/>
    <category scheme="info:fedora/fedora-system:def/model#formatURI" term="info:fedora/fedora-system:FedoraRELSExt-1.0"/>
    <category scheme="info:fedora/fedora-system:def/model#label" term="RDF Statements about this object"/>
    <content type="application/rdf+xml">
      <rdf:RDF xmlns:fedora-model="info:fedora/fedora-system:def/model#" xmlns:rdf="http://www.w3.org/1999/02/22-rdf-syntax-ns#">
        <rdf:Description rdf:about="info:fedora/demo:27">
          <fedora-model:hasModel rdf:resource="info:fedora/fedora-system:ServiceDefinition-3.0"/>
        </rdf:Description>
      </rdf:RDF>
    </content>
  </entry>
  <entry>
    <id>info:fedora/demo:27/METHODMAP</id>
    <title type="text">METHODMAP</title>
    <updated>2008-07-02T05:09:43.250Z</updated>
    <link href="info:fedora/demo:27/METHODMAP/2008-07-02T05:09:43.250Z" rel="alternate"/>
    <category scheme="info:fedora/fedora-system:def/model#state" term="A"/>
    <category scheme="info:fedora/fedora-system:def/model#controlGroup" term="X"/>
    <category scheme="info:fedora/fedora-system:def/model#versionable" term="true"/>
  </entry>
  <entry xmlns:thr="http://purl.org/syndication/thread/1.0">
    <id>info:fedora/demo:27/METHODMAP/2008-07-02T05:09:43.250Z</id>
    <title type="text">METHODMAP1.0</title>
    <updated>2008-07-02T05:09:43.250Z</updated>
    <thr:in-reply-to ref="info:fedora/demo:27/METHODMAP"/>
    <category scheme="info:fedora/fedora-system:def/model#formatURI" term="info:fedora/fedora-system:FedoraSDefMethodMap-1.0"/>
    <category scheme="info:fedora/fedora-system:def/model#label" term="Abstract Method Map"/>
    <content type="text/xml">
      <fmm:MethodMap name="Fedora MethodMap for Image Manipulation Servlet" xmlns:fmm="http://fedora.comm.nsdlib.org/service/methodmap">
        <fmm:Method operationName="resizeImage">
          <fmm:UserInputParm defaultValue="150" parmName="width" passBy="VALUE" required="true"/>
        </fmm:Method>
        <fmm:Method operationName="zoomImage">
          <fmm:UserInputParm defaultValue="3" parmName="zoom" passBy="VALUE" required="true"/>
        </fmm:Method>
        <fmm:Method operationName="brightImage">
          <fmm:UserInputParm defaultValue="3.5" parmName="bright" passBy="VALUE" required="true"/>
        </fmm:Method>
        <fmm:Method operationName="watermarkImage">
          <fmm:UserInputParm defaultValue="Watermarked 2003"
            parmName="watermark" passBy="VALUE" required="true"/>
        </fmm:Method>
        <fmm:Method operationName="grayscaleImage"/>
        <fmm:Method operationName="cropImage">
          <fmm:UserInputParm defaultValue="30" parmName="x" passBy="VALUE" required="true"/>
          <fmm:UserInputParm defaultValue="100" parmName="y" passBy="VALUE" required="true"/>
          <fmm:UserInputParm defaultValue="" parmName="width" passBy="VALUE" required="false"/>
          <fmm:UserInputParm defaultValue="" parmName="height" passBy="VALUE" required="false"/>
        </fmm:Method>
        <fmm:Method operationName="convertImage">
          <fmm:UserInputParm defaultValue="gif" parmName="convertTo"
            passBy="VALUE" required="true">
            <fmm:ValidParmValues>
              <fmm:ValidParm value="jpg"/>
              <fmm:ValidParm value="gif"/>
              <fmm:ValidParm value="tiff"/>
              <fmm:ValidParm value="png"/>
              <fmm:ValidParm value="bmp"/>
            </fmm:ValidParmValues>
          </fmm:UserInputParm>
        </fmm:Method>
      </fmm:MethodMap>
    </content>
  </entry>
</feed>
