<?xml version="1.0" encoding="UTF-8"?>
<foxml:digitalObject PID="demo:13" VERSION="1.1"
                     xmlns:foxml="info:fedora/fedora-system:def/foxml#"
                     xmlns:xsi="http://www.w3.org/2001/XMLSchema-instance"
                     xsi:schemaLocation="info:fedora/fedora-system:def/foxml# http://www.fedora.info/definitions/1/0/foxml1-1.xsd">
    <foxml:objectProperties>
        <foxml:property NAME="info:fedora/fedora-system:def/model#state" VALUE="Active"/>
        <foxml:property NAME="info:fedora/fedora-system:def/model#label"
                        VALUE="Service Deployment Object for Document Transform Demo"/>
        <foxml:property NAME="info:fedora/fedora-system:def/model#ownerId" VALUE="fedoraAdmin"/>
        <foxml:property NAME="info:fedora/fedora-system:def/model#createdDate" VALUE="2008-07-02T05:09:42.015Z"/>
        <foxml:property NAME="info:fedora/fedora-system:def/view#lastModifiedDate" VALUE="2008-07-02T05:09:42.015Z"/>
    </foxml:objectProperties>
    <foxml:datastream CONTROL_GROUP="X" ID="DC" STATE="A" VERSIONABLE="true">
        <foxml:datastreamVersion CREATED="2008-07-02T05:09:42.609Z"
                                 FORMAT_URI="http://www.openarchives.org/OAI/2.0/oai_dc/" ID="DC1.0"
                                 LABEL="Dublin Core Record for this object" MIMETYPE="text/xml">
            <foxml:xmlContent>
                <oai_dc:dc xmlns:dc="http://purl.org/dc/elements/1.1/"
                           xmlns:oai_dc="http://www.openarchives.org/OAI/2.0/oai_dc/">
                    <dc:title>Service Deployment Object for Document Transform Demo</dc:title>
                    <dc:identifier>demo:13</dc:identifier>
                </oai_dc:dc>
            </foxml:xmlContent>
        </foxml:datastreamVersion>
    </foxml:datastream>
    <foxml:datastream CONTROL_GROUP="X" ID="RELS-EXT" STATE="A" VERSIONABLE="true">
        <foxml:datastreamVersion CREATED="2008-07-02T05:09:42.609Z"
                                 FORMAT_URI="info:fedora/fedora-system:FedoraRELSExt-1.0" ID="RELS-EXT1.0"
                                 LABEL="RDF Statements about this object" MIMETYPE="application/rdf+xml">
            <foxml:xmlContent>
                <rdf:RDF xmlns:fedora-model="info:fedora/fedora-system:def/model#"
                         xmlns:rdf="http://www.w3.org/1999/02/22-rdf-syntax-ns#">
                    <rdf:Description rdf:about="info:fedora/demo:13">
                        <fedora-model:hasModel rdf:resource="info:fedora/fedora-system:ServiceDeployment-3.0"/>
                        <fedora-model:isDeploymentOf rdf:resource="info:fedora/demo:12"/>
                        <fedora-model:isContractorOf rdf:resource="info:fedora/demo:XML_TO_HTMLDOC"/>
                    </rdf:Description>
                </rdf:RDF>
            </foxml:xmlContent>
        </foxml:datastreamVersion>
    </foxml:datastream>
    <foxml:datastream CONTROL_GROUP="X" ID="METHODMAP" STATE="A" VERSIONABLE="true">
        <foxml:datastreamVersion CREATED="2008-07-02T05:09:42.609Z"
                                 FORMAT_URI="info:fedora/fedora-system:FedoraSDepMethodMap-1.1"
                                 ID="METHODMAP1.0" LABEL="Deployment Method Map" MIMETYPE="text/xml">
            <foxml:xmlContent>
                <fmm:MethodMap
                        name="MethodMap - Document Transform BDEF Methods"
                        xmlns:fmm="http://fedora.comm.nsdlib.org/service/methodmap">
                    <fmm:Method operationName="getDocumentStyle1"
                                wsdlMsgName="getDocumentStyle1Request" wsdlMsgOutput="xslt_response">
                        <fmm:DatastreamInputParm parmName="XML_SOURCE" passBy="URL_REF" required="true"/>
                        <fmm:DatastreamInputParm parmName="XSL_STYLESHEET1" passBy="URL_REF" required="true"/>
                        <fmm:DefaultInputParm defaultValue="yes" parmName="CLEAR_CACHE"
                                              passBy="VALUE" required="true"/>
                        <fmm:MethodReturnType wsdlMsgName="xslt_response" wsdlMsgTOMIME="text/html"/>
                    </fmm:Method>
                    <fmm:Method operationName="getDocumentStyle2"
                                wsdlMsgName="getDocumentStyle2Request" wsdlMsgOutput="xslt_response">
                        <fmm:DatastreamInputParm parmName="XML_SOURCE" passBy="URL_REF" required="true"/>
                        <fmm:DatastreamInputParm parmName="XSL_STYLESHEET2" passBy="URL_REF" required="true"/>
                        <fmm:DefaultInputParm defaultValue="yes" parmName="CLEAR_CACHE"
                                              passBy="VALUE" required="true"/>
                        <fmm:MethodReturnType wsdlMsgName="xslt_response" wsdlMsgTOMIME="text/html"/>
                    </fmm:Method>
                </fmm:MethodMap>
            </foxml:xmlContent>
        </foxml:datastreamVersion>
    </foxml:datastream>
    <foxml:datastream CONTROL_GROUP="X" ID="DSINPUTSPEC" STATE="A" VERSIONABLE="true">
        <foxml:datastreamVersion CREATED="2008-07-02T05:09:42.609Z"
                                 FORMAT_URI="info:fedora/fedora-system:FedoraDSInputSpec-1.1"
                                 ID="DSINPUTSPEC1.0" LABEL="Datastream Input Specification" MIMETYPE="text/xml">
            <foxml:xmlContent>
                <fbs:DSInputSpec
                        label="NSDL Exhibit Mapping to the Fedora Local Saxon Service"
                        xmlns:fbs="http://fedora.comm.nsdlib.org/service/bindspec">
                    <fbs:DSInput DSMax="1" DSMin="1" DSOrdinality="false" wsdlMsgPartName="XML_SOURCE">
                        <fbs:DSInputLabel>XML source file</fbs:DSInputLabel>
                        <fbs:DSMIME>text/xml</fbs:DSMIME>
                        <fbs:DSInputInstruction>XML source file to be transformed</fbs:DSInputInstruction>
                    </fbs:DSInput>
                    <fbs:DSInput DSMax="1" DSMin="1" DSOrdinality="false" wsdlMsgPartName="XSL_STYLESHEET1">
                        <fbs:DSInputLabel>XSLT Stylesheet 1</fbs:DSInputLabel>
                        <fbs:DSMIME>text/xml</fbs:DSMIME>
                        <fbs:DSInputInstruction>Stylesheet to produce the transformation output in Style 1
                        </fbs:DSInputInstruction>
                    </fbs:DSInput>
                    <fbs:DSInput DSMax="1" DSMin="1" DSOrdinality="false" wsdlMsgPartName="XSL_STYLESHEET2">
                        <fbs:DSInputLabel>XSLT Stylesheet 2</fbs:DSInputLabel>
                        <fbs:DSMIME>text/xml</fbs:DSMIME>
                        <fbs:DSInputInstruction>Stylesheet to produce the transformation output in Style 2
                        </fbs:DSInputInstruction>
                    </fbs:DSInput>
                </fbs:DSInputSpec>
            </foxml:xmlContent>
        </foxml:datastreamVersion>
    </foxml:datastream>
    <foxml:datastream CONTROL_GROUP="X" ID="WSDL" STATE="A" VERSIONABLE="true">
        <foxml:datastreamVersion CREATED="2008-07-02T05:09:42.609Z"
                                 FORMAT_URI="http://schemas.xmlsoap.org/wsdl/" ID="WSDL1.0"
                                 LABEL="WSDL Bindings" MIMETYPE="text/xml">
            <foxml:xmlContent>
                <wsdl:definitions name="FedoraLocalSaxonService"
                                  targetNamespace="saxon"
                                  xmlns:http="http://schemas.xmlsoap.org/wsdl/http/"
                                  xmlns:mime="http://schemas.xmlsoap.org/wsdl/mime/"
                                  xmlns:soap="http://schemas.xmlsoap.org/wsdl/soap"
                                  xmlns:soapenc="http://schemas.xmlsoap.org/wsdl/soap/encoding"
                                  xmlns:this="saxon" xmlns:wsdl="http://schemas.xmlsoap.org/wsdl/"
                                  xmlns:xsd="http://www.w3.org/2001/XMLSchema">
                    <wsdl:types>
                        <xsd:schema targetNamespace="saxon">
                            <xsd:simpleType name="URLType">
                                <xsd:restriction base="xsd:string"/>
                            </xsd:simpleType>
                            <xsd:simpleType name="CLEAR_CACHEType">
                                <xsd:restriction base="xsd:string">
                                    <xsd:enumeration value="yes"/>
                                    <xsd:enumeration value="no"/>
                                </xsd:restriction>
                            </xsd:simpleType>
                        </xsd:schema>
                    </wsdl:types>
                    <wsdl:message name="getDocumentStyle1Request">
                        <wsdl:part name="XML_SOURCE" type="this:URLType"/>
                        <wsdl:part name="XSL_STYLESHEET1" type="this:URLType"/>
                        <wsdl:part name="CLEAR_CACHE" type="this:CLEAR_CACHEType"/>
                    </wsdl:message>
                    <wsdl:message name="getDocumentStyle2Request">
                        <wsdl:part name="XML_SOURCE" type="this:URLType"/>
                        <wsdl:part name="XSL_STYLESHEET2" type="this:URLType"/>
                        <wsdl:part name="CLEAR_CACHE" type="this:CLEAR_CACHEType"/>
                    </wsdl:message>
                    <wsdl:message name="xslt_response">
                        <wsdl:part name="exhibit" type="xsd:base64Binary"/>
                    </wsdl:message>
                    <wsdl:portType name="FedoraSaxonPortType">
                        <wsdl:operation name="getDocumentStyle1">
                            <wsdl:input message="this:getDocumentStyle1Request"/>
                            <wsdl:output message="this:xslt_response"/>
                        </wsdl:operation>
                        <wsdl:operation name="getDocumentStyle2">
                            <wsdl:input message="this:getDocumentStyle2Request"/>
                            <wsdl:output message="this:xslt_response"/>
                        </wsdl:operation>
                    </wsdl:portType>
                    <wsdl:service name="FedoraSaxon">
                        <wsdl:port binding="this:FedoraSaxon_http" name="FedoraSaxon_port">
                            <http:address location="http://local.fedora.server/saxon/"/>
                        </wsdl:port>
                    </wsdl:service>
                    <wsdl:binding name="FedoraSaxon_http" type="this:FedoraSaxonPortType">
                        <http:binding verb="GET"/>
                        <wsdl:operation name="getDocumentStyle1">
                            <http:operation
                                    location="SaxonServlet?source=(XML_SOURCE)&amp;style=(XSL_STYLESHEET1)&amp;clear-stylesheet-cache=(CLEAR_CACHE)"/>
                            <wsdl:input>
                                <http:urlReplacement/>
                            </wsdl:input>
                            <wsdl:output>
                                <mime:content type="text/html"/>
                            </wsdl:output>
                        </wsdl:operation>
                        <wsdl:operation name="getDocumentStyle2">
                            <http:operation
                                    location="SaxonServlet?source=(XML_SOURCE)&amp;style=(XSL_STYLESHEET2)&amp;clear-stylesheet-cache=(CLEAR_CACHE)"/>
                            <wsdl:input>
                                <http:urlReplacement/>
                            </wsdl:input>
                            <wsdl:output>
                                <mime:content type="text/html"/>
                            </wsdl:output>
                        </wsdl:operation>
                    </wsdl:binding>
                </wsdl:definitions>
            </foxml:xmlContent>
        </foxml:datastreamVersion>
    </foxml:datastream>
</foxml:digitalObject>
