<?xml version="1.0" encoding="UTF-8"?>
<METS:mets EXT_VERSION="1.1"
  LABEL="Content Model Object (Image Collection) for Image Collection Demo"
  OBJID="demo:DualResImageCollection" xmlns:METS="http://www.loc.gov/METS/"
  xmlns:xlink="http://www.w3.org/1999/xlink"
  xmlns:xsi="http://www.w3.org/2001/XMLSchema-instance" xsi:schemaLocation="http://www.loc.gov/METS/ http://www.fedora.info/definitions/1/0/mets-fedora-ext1-1.xsd">
  <METS:metsHdr CREATEDATE="2007-08-15T14:36:34.682Z"
    LASTMODDATE="2007-08-15T15:59:20.233Z" RECORDSTATUS="Active">
    <METS:agent ROLE="IPOWNER">
      <METS:name>fedoraAdmin</METS:name>
    </METS:agent>
  </METS:metsHdr>
  <METS:amdSec ID="DC" STATUS="A" VERSIONABLE="true">
    <METS:techMD CREATED="2008-07-02T05:09:42.906Z" ID="DC1.0">
      <METS:mdWrap FORMAT_URI="http://www.openarchives.org/OAI/2.0/oai_dc/"
        LABEL="Dublin Core Record for this object" MDTYPE="OTHER"
        MIMETYPE="text/xml" OTHERMDTYPE="UNSPECIFIED">
        <METS:xmlData>
          <oai_dc:dc xmlns:dc="http://purl.org/dc/elements/1.1/" xmlns:oai_dc="http://www.openarchives.org/OAI/2.0/oai_dc/">
            <dc:title>Content Model Object (Image Collection) for Image Collection Demo</dc:title>
            <dc:identifier>demo:DualResImageCollection</dc:identifier>
          </oai_dc:dc>
        </METS:xmlData>
      </METS:mdWrap>
    </METS:techMD>
  </METS:amdSec>
  <METS:amdSec ID="RELS-EXT" STATUS="A" VERSIONABLE="true">
    <METS:techMD CREATED="2008-07-02T05:09:42.906Z" ID="RELS-EXT.0">
      <METS:mdWrap FORMAT_URI="info:fedora/fedora-system:FedoraRELSExt-1.0"
        LABEL="RDF Statements about this object" MDTYPE="OTHER"
        MIMETYPE="application/rdf+xml" OTHERMDTYPE="UNSPECIFIED">
        <METS:xmlData>
          <rdf:RDF xmlns:fedora-model="info:fedora/fedora-system:def/model#" xmlns:rdf="http://www.w3.org/1999/02/22-rdf-syntax-ns#">
            <rdf:Description rdf:about="info:fedora/demo:DualResImageCollection">
              <fedora-model:hasModel rdf:resource="info:fedora/fedora-system:ContentModel-3.0"/>
              <fedora-model:hasService rdf:resource="info:fedora/demo:Collection"/>
            </rdf:Description>
          </rdf:RDF>
        </METS:xmlData>
      </METS:mdWrap>
    </METS:techMD>
  </METS:amdSec>
  <METS:amdSec ID="DS-COMPOSITE-MODEL" STATUS="A" VERSIONABLE="true">
    <METS:techMD CREATED="2007-08-15T14:36:30.369Z" ID="DS-COMPOSITE-MODEL1.0">
      <METS:mdWrap
        FORMAT_URI="info:fedora/fedora-system:FedoraDSCompositeModel-1.0"
        LABEL="Datastream Composite Model" MDTYPE="OTHER" MIMETYPE="text/xml" OTHERMDTYPE="UNSPECIFIED">
        <METS:xmlData>
          <dsCompositeModel xmlns="info:fedora/fedora-system:def/dsCompositeModel#">
            <dsTypeModel ID="QUERY">
              <form MIME="text/plain"/>
            </dsTypeModel>
            <dsTypeModel ID="XSLT">
              <form MIME="text/xml"/>
            </dsTypeModel>
            <dsTypeModel ID="LIST">
              <form MIME="text/xml"/>
            </dsTypeModel>
          </dsCompositeModel>
        </METS:xmlData>
      </METS:mdWrap>
    </METS:techMD>
  </METS:amdSec>
</METS:mets>
