<?xml version="1.0" encoding="UTF-8"?>
<beans xmlns="http://www.springframework.org/schema/beans"
    xmlns:xsi="http://www.w3.org/2001/XMLSchema-instance"
    xmlns:context="http://www.springframework.org/schema/context"
    xsi:schemaLocation="http://www.springframework.org/schema/beans 
        http://www.springframework.org/schema/beans/spring-beans-3.0.xsd
        http://www.springframework.org/schema/context 
        http://www.springframework.org/schema/context/spring-context-3.0.xsd">
        <bean id="org.trippi.io.TripleIteratorFactory"
              class="org.trippi.io.TripleIteratorFactory"
              factory-method="defaultInstance"
              destroy-method="shutdown"></bean>
        <bean id="Object-3.0"
              class="org.fcrepo.server.resourceIndex.FedoraObjectTripleGenerator_3_0"
              scope="prototype">
        </bean>
        <bean id="ContentModel-3.0"
              class="org.fcrepo.server.resourceIndex.ContentModelTripleGenerator_3_0"
              scope="prototype">
        </bean>
        <bean id="ServiceDefinition-3.0"
              class="org.fcrepo.server.resourceIndex.ServiceDefinitionTripleGenerator_3_0"
              scope="prototype">
        </bean>
        <bean id="ServiceDeployment-3.0"
              class="org.fcrepo.server.resourceIndex.ServiceDeploymentTripleGenerator"
              scope="prototype">
        </bean>
        <!-- TESTONLY
        <bean id="UVA-1"
              class="org.fcrepo.server.resourceIndex.UvaStdImgTripleGenerator_1"
              scope="prototype">
        </bean>
        /TESTONLY -->
        <bean id="org.fcrepo.server.resourceIndex.TripleGenerator"
              class="org.fcrepo.server.resourceIndex.ModelBasedTripleGenerator"
              scope="prototype">
              <property name="tripleGenerators">
                  <map>
                      <entry key="info:fedora/fedora-system:FedoraObject-3.0" value-ref="Object-3.0" />
                      <entry key="info:fedora/fedora-system:ContentModel-3.0" value-ref="ContentModel-3.0" />
                      <entry key="info:fedora/fedora-system:ServiceDefinition-3.0" value-ref="ServiceDefinition-3.0" />
                      <entry key="info:fedora/fedora-system:ServiceDeployment-3.0" value-ref="ServiceDeployment-3.0" />
                      <!-- TESTONLY
                      <entry key="info:fedora/demo:UVA_STD_IMAGE_1" value-ref="UVA-1" />
                      /TESTONLY -->
                  </map>
              </property>
        </bean>
</beans>