<?xml version="1.0" encoding="utf-8"?>
<input 
xmlns:xsi="http://www.w3.org/2001/XMLSchema-instance" xmlns:xlink="http://www.w3.org/1999/xlink" xsi:schemaLocation="http://www.fedora.info/definitions/ http://www.fedora.info/definitions/1/0/api/batchMerge.xsd" xmlns="http://www.fedora.info/definitions/" 
OBJID="demo:3011" OWNERID="payette">
	<datastreams>
		<datastream ID="DC">
			<xmlContent>
				<oai_dc:dc xmlns:dc="http://purl.org/dc/elements/1.1/" xmlns:oai_dc="http://www.openarchives.org/OAI/2.0/oai_dc/">
					<dc:title>Appian Way</dc:title>
					<dc:identifier>demo:3011</dc:identifier>
				</oai_dc:dc>
			</xmlContent>
		</datastream>
		<datastream ID="DESC">
			<xmlContent>
				<uvalibdesc:desc xmlns:uvalibdesc="http://dl.lib.virginia.edu/bin/dtd/descmeta/descmeta.dtd">
					<uvalibdesc:time>
						<uvalibdesc:date type="created" certainty="ca." era="bc">4th century</uvalibdesc:date>
					</uvalibdesc:time>
					<uvalibdesc:identifier scheme="URN">uva-lib:2</uvalibdesc:identifier>
					<uvalibdesc:rights type="use">unrestricted</uvalibdesc:rights>
					<uvalibdesc:subject scheme="other" othertype="keyword">Roman Empire</uvalibdesc:subject>
					<uvalibdesc:subject scheme="other" othertype="keyword">Roman</uvalibdesc:subject>
					<uvalibdesc:subject scheme="other" othertype="keyword">Road building</uvalibdesc:subject>
					<uvalibdesc:title type="main">Appian Way</uvalibdesc:title>
					<uvalibdesc:form>architecture</uvalibdesc:form>
					<uvalibdesc:mediatype type="image">
						<uvalibdesc:form>digital</uvalibdesc:form>
					</uvalibdesc:mediatype>
					<uvalibdesc:agent role="publisher">Alderman Library</uvalibdesc:agent>
					<uvalibdesc:covspace>
						<uvalibdesc:geometry>
							<uvalibdesc:point>
								<uvalibdesc:lat>41.54N</uvalibdesc:lat>
								<uvalibdesc:long>12.27E</uvalibdesc:long>
							</uvalibdesc:point>
						</uvalibdesc:geometry>
					</uvalibdesc:covspace>
					<uvalibdesc:covtime>
						<uvalibdesc:date era="bc">318</uvalibdesc:date>
						<uvalibdesc:date era="bc">350</uvalibdesc:date>
					</uvalibdesc:covtime>
					<uvalibdesc:culture>Roman</uvalibdesc:culture>
					<uvalibdesc:place type="original">
						<uvalibdesc:geogname>Italy, Rome</uvalibdesc:geogname>
					</uvalibdesc:place>
				</uvalibdesc:desc>
			</xmlContent>
		</datastream>
		<datastream ID="TECH1">
			<xmlContent>
				<uvalibadmin:admin xmlns:uvalibadmin="http://dl.lib.virginia.edu/bin/dtd/admin/admin.dtd">
					<uvalibadmin:technical>
						<uvalibadmin:images>
							<uvalibadmin:compression method="JPEG"/>
						</uvalibadmin:images>
					</uvalibadmin:technical>
				</uvalibadmin:admin>
			</xmlContent>
		</datastream>
		<datastream ID="SOURCE1">
			<xmlContent>
				<uvalibadmin:admin xmlns:uvalibadmin="http://dl.lib.virginia.edu/bin/dtd/admin/admin.dtd">
					<uvalibadmin:source>
						<uvalibadmin:identifier/>
						<uvalibadmin:mediatype type="image">
							<uvalibadmin:form>slide</uvalibadmin:form>
						</uvalibadmin:mediatype>
					</uvalibadmin:source>
				</uvalibadmin:admin>
			</xmlContent>
		</datastream>
		<datastream ID="DIGIPROV1">
			<xmlContent>
				<uvalibadmin:admin xmlns:uvalibadmin="http://dl.lib.virginia.edu/bin/dtd/admin/admin.dtd">
					<uvalibadmin:digiprov>
						<uvalibadmin:date>20010901</uvalibadmin:date>
						<uvalibadmin:agent type="persname">Thorny Staples</uvalibadmin:agent>
						<uvalibadmin:description>creation</uvalibadmin:description>
					</uvalibadmin:digiprov>
				</uvalibadmin:admin>
			</xmlContent>
		</datastream>
		<datastream ID="RIGHTS1">
			<xmlContent>
				<uvalibadmin:admin xmlns:uvalibadmin="http://dl.lib.virginia.edu/bin/dtd/admin/admin.dtd">
					<uvalibadmin:adminrights>
						<uvalibadmin:policy>
							<uvalibadmin:access>unrestricted</uvalibadmin:access>
							<uvalibadmin:use>educational</uvalibadmin:use>
						</uvalibadmin:policy>
					</uvalibadmin:adminrights>
				</uvalibadmin:admin>
			</xmlContent>
		</datastream>
		<datastream ID="TECH2">
			<xmlContent>
				<uvalibadmin:admin xmlns:uvalibadmin="http://dl.lib.virginia.edu/bin/dtd/admin/admin.dtd">
					<uvalibadmin:technical>
						<uvalibadmin:images>
							<uvalibadmin:compression method="JPEG"/>
						</uvalibadmin:images>
					</uvalibadmin:technical>
				</uvalibadmin:admin>
			</xmlContent>
		</datastream>
		<datastream ID="SOURCE2">
			<xmlContent>
				<uvalibadmin:admin xmlns:uvalibadmin="http://dl.lib.virginia.edu/bin/dtd/admin/admin.dtd">
					<uvalibadmin:source>
						<uvalibadmin:identifier/>
						<uvalibadmin:mediatype type="image">
							<uvalibadmin:form>slide</uvalibadmin:form>
						</uvalibadmin:mediatype>
					</uvalibadmin:source>
				</uvalibadmin:admin>
			</xmlContent>
		</datastream>
		<datastream ID="DIGIPROV2">
			<xmlContent>
				<uvalibadmin:admin xmlns:uvalibadmin="http://dl.lib.virginia.edu/bin/dtd/admin/admin.dtd">
					<uvalibadmin:digiprov>
						<uvalibadmin:date>20010901</uvalibadmin:date>
						<uvalibadmin:agent type="persname">Thorny Staples</uvalibadmin:agent>
						<uvalibadmin:description>creation</uvalibadmin:description>
					</uvalibadmin:digiprov>
				</uvalibadmin:admin>
			</xmlContent>
		</datastream>
		<datastream ID="RIGHTS2">
			<xmlContent>
				<uvalibadmin:admin xmlns:uvalibadmin="http://dl.lib.virginia.edu/bin/dtd/admin/admin.dtd">
					<uvalibadmin:adminrights>
						<uvalibadmin:policy>
							<uvalibadmin:access>unrestricted</uvalibadmin:access>
							<uvalibadmin:use>educational</uvalibadmin:use>
						</uvalibadmin:policy>
					</uvalibadmin:adminrights>
				</uvalibadmin:admin>
			</xmlContent>
		</datastream>
		<datastream ID="TECH3">
			<xmlContent>
				<uvalibadmin:admin xmlns:uvalibadmin="http://dl.lib.virginia.edu/bin/dtd/admin/admin.dtd">
					<uvalibadmin:technical>
						<uvalibadmin:images>
							<uvalibadmin:compression method="JPEG"/>
						</uvalibadmin:images>
					</uvalibadmin:technical>
				</uvalibadmin:admin>
			</xmlContent>
		</datastream>
		<datastream ID="SOURCE3">
			<xmlContent>
				<uvalibadmin:admin xmlns:uvalibadmin="http://dl.lib.virginia.edu/bin/dtd/admin/admin.dtd">
					<uvalibadmin:source>
						<uvalibadmin:identifier/>
						<uvalibadmin:mediatype type="image">
							<uvalibadmin:form>slide</uvalibadmin:form>
						</uvalibadmin:mediatype>
					</uvalibadmin:source>
				</uvalibadmin:admin>
			</xmlContent>
		</datastream>
		<datastream ID="DIGIPROV3">
			<xmlContent>
				<uvalibadmin:admin xmlns:uvalibadmin="http://dl.lib.virginia.edu/bin/dtd/admin/admin.dtd">
					<uvalibadmin:digiprov>
						<uvalibadmin:date>20010901</uvalibadmin:date>
						<uvalibadmin:agent type="persname">Thorny Staples</uvalibadmin:agent>
						<uvalibadmin:description>creation</uvalibadmin:description>
					</uvalibadmin:digiprov>
				</uvalibadmin:admin>
			</xmlContent>
		</datastream>
		<datastream ID="RIGHTS3">
			<xmlContent>
				<uvalibadmin:admin xmlns:uvalibadmin="http://dl.lib.virginia.edu/bin/dtd/admin/admin.dtd">
					<uvalibadmin:adminrights>
						<uvalibadmin:policy>
							<uvalibadmin:access>unrestricted</uvalibadmin:access>
							<uvalibadmin:use>educational</uvalibadmin:use>
						</uvalibadmin:policy>
					</uvalibadmin:adminrights>
				</uvalibadmin:admin>
			</xmlContent>
		</datastream>
		<datastream ID="TECH4">
			<xmlContent>
				<uvalibadmin:admin xmlns:uvalibadmin="http://dl.lib.virginia.edu/bin/dtd/admin/admin.dtd">
					<uvalibadmin:technical>
						<uvalibadmin:images>
							<uvalibadmin:compression method="JPEG"/>
						</uvalibadmin:images>
					</uvalibadmin:technical>
				</uvalibadmin:admin>
			</xmlContent>
		</datastream>
		<datastream ID="SOURCE4">
			<xmlContent>
				<uvalibadmin:admin xmlns:uvalibadmin="http://dl.lib.virginia.edu/bin/dtd/admin/admin.dtd">
					<uvalibadmin:source>
						<uvalibadmin:identifier/>
						<uvalibadmin:mediatype type="image">
							<uvalibadmin:form>slide</uvalibadmin:form>
						</uvalibadmin:mediatype>
					</uvalibadmin:source>
				</uvalibadmin:admin>
			</xmlContent>
		</datastream>
		<datastream ID="DIGIPROV4">
			<xmlContent>
				<uvalibadmin:admin xmlns:uvalibadmin="http://dl.lib.virginia.edu/bin/dtd/admin/admin.dtd">
					<uvalibadmin:digiprov>
						<uvalibadmin:date>20010901</uvalibadmin:date>
						<uvalibadmin:agent type="persname">Thorny Staples</uvalibadmin:agent>
						<uvalibadmin:description>creation</uvalibadmin:description>
					</uvalibadmin:digiprov>
				</uvalibadmin:admin>
			</xmlContent>
		</datastream>
		<datastream ID="RIGHTS4">
			<xmlContent>
				<uvalibadmin:admin xmlns:uvalibadmin="http://dl.lib.virginia.edu/bin/dtd/admin/admin.dtd">
					<uvalibadmin:adminrights>
						<uvalibadmin:policy>
							<uvalibadmin:access>unrestricted</uvalibadmin:access>
							<uvalibadmin:use>educational</uvalibadmin:use>
						</uvalibadmin:policy>
					</uvalibadmin:adminrights>
				</uvalibadmin:admin>
			</xmlContent>
		</datastream>
		<datastream ID="DS1" xlink:href="http://www.fedora.info/demo/batch-demo/thumb/appianway.jpg"/>
		<datastream ID="DS2" xlink:href="http://www.fedora.info/demo/batch-demo/medium/appianway.jpg"/>
		<datastream ID="DS3" xlink:href="http://www.fedora.info/demo/batch-demo/high/appianway.jpg"/>
		<datastream ID="DS4" xlink:href="http://www.fedora.info/demo/batch-demo/very-high/appianway.jpg"/>
	</datastreams>
</input>
